-- phpMyAdmin SQL Dump
-- version 4.8.3
-- https://www.phpmyadmin.net/
--
-- Хост: 127.0.0.1:3306
-- Время создания: Ноя 26 2020 г., 00:51
-- Версия сервера: 5.6.41
-- Версия PHP: 5.5.38

SET SQL_MODE = "NO_AUTO_VALUE_ON_ZERO";
SET AUTOCOMMIT = 0;
START TRANSACTION;
SET time_zone = "+00:00";


/*!40101 SET @OLD_CHARACTER_SET_CLIENT=@@CHARACTER_SET_CLIENT */;
/*!40101 SET @OLD_CHARACTER_SET_RESULTS=@@CHARACTER_SET_RESULTS */;
/*!40101 SET @OLD_COLLATION_CONNECTION=@@COLLATION_CONNECTION */;
/*!40101 SET NAMES utf8mb4 */;

--
-- База данных: `temp`
--

-- --------------------------------------------------------

--
-- Структура таблицы `comments`
--

CREATE TABLE `comments` (
  `id` int(11) NOT NULL,
  `user_id` int(11) DEFAULT NULL,
  `hotel_id` int(11) DEFAULT NULL,
  `comm` varchar(2048) DEFAULT NULL,
  `grade` int(11) DEFAULT NULL
) ENGINE=InnoDB DEFAULT CHARSET=utf8;

-- --------------------------------------------------------

--
-- Структура таблицы `countries`
--

CREATE TABLE `countries` (
  `id` int(11) NOT NULL,
  `country` varchar(32) NOT NULL
) ENGINE=InnoDB DEFAULT CHARSET=utf8;

--
-- Дамп данных таблицы `countries`
--

INSERT INTO `countries` (`id`, `country`) VALUES
(12, 'Украина'),
(29, 'Кипр'),
(30, 'Турция'),
(31, 'Италия'),
(32, 'Египет');

-- --------------------------------------------------------

--
-- Структура таблицы `hotels`
--

CREATE TABLE `hotels` (
  `id` int(11) NOT NULL,
  `hotel` varchar(32) NOT NULL,
  `nutrition_id` int(11) NOT NULL,
  `min_age` int(11) DEFAULT '0',
  `is_hot` tinyint(1) NOT NULL DEFAULT '0',
  `description` varchar(2000) NOT NULL,
  `state_id` int(11) NOT NULL
) ENGINE=InnoDB DEFAULT CHARSET=utf8;

--
-- Дамп данных таблицы `hotels`
--

INSERT INTO `hotels` (`id`, `hotel`, `nutrition_id`, `min_age`, `is_hot`, `description`, `state_id`) VALUES
(19, 'Sun Resort', 5, 0, 1, 'Уютный и комфортабельный отель «Sun Resort» в Бердянске Запорожской области располагается на первой линии Бердянской косы, что на Азовском море. Его месторасположение хорошо уже тем, что он окружен многочисленными уникальными лиманами с целительными грязями, практически ни в чем не уступающими своим аналогам с берегов Мертвого моря. Их лечебную силу испытали на себе многие граждане нашей страны, за сравнительно малый срок значительно улучшив свое здоровье.', 17),
(20, 'Hotel Nemo with dolphins', 1, 0, 1, 'Главная «фишка» этого места – дельфины. И не где-нибудь в пределах видимости, а в самом отеле. Вы сможете не только наблюдать за игрой морских обитателей, но и плавать с ними. Говорят, общение с этими умными животными заряжает энергией и даже лечит. А попляжиться можно в эксклюзивном комплексе Nemo Beach Club, который начинается буквально за стенами отеля, где ждут  9 бассейнов с подогреваемой морской водой. А еще панорамные террасы, прекрасные рестораны, детский клуб, аниматоры, SPA-зона и многое другое.', 16),
(21, 'Lavina Hotel Bukovel', 3, 6, 1, 'Отель Lavina со спа-комплексом с сауной и крытым бассейном расположен в 2 км от горнолыжного курорта Буковель. В распоряжении гостей бесплатная частная парковка и бесплатный Wi-Fi.\r\n\r\nВ номерах есть балкон с видом на горы, диван и телевизор с плоским экраном и спутниковыми каналами.\r\n\r\nГости могут поужинать в ресторане отеля и воспользоваться круглосуточной стойкой регистрации и помещением для хранения лыж.\r\n\r\nРека Прутец протекает в нескольких шагах от отеля. Автобусная остановка «Поляница» находится в 200 метрах от отеля Lavina, а аэропорт Ивано-Франковска — в 90 км.\r\n\r\nПарам особенно нравится расположение — они оценили проживание в этом районе для поездки вдвоем на 8,5.\r\n\r\nМы говорим на вашем языке!', 18),
(22, 'M1 Club Hotel', 4, 0, 1, 'Этот куб-отель, расположенный на пляже Ланжерон – тусовочное место, но без грохота Аркадии.  Его часто называют «маленькой Турцией». Есть  корпуса и виллы. Купаться можно в море или в открытом и крытом бассейнах, а после пляжа прогуляться по тенистым аллеям (по ночам их подсвечивают), посидеть у фонтана или отдыхать в очень стильных номерах, холлах, ресторанах M1 Club Hotel. Дизайнерам – браво! Вечер же стоит провести в ресторане с живой музыкой. Иногда даже очень живой. Например, недавно здесь дал концерт Борис Гребенщиков. А хотите, отправляйтесь исследовать уголки Одессы, раз уж комплекс находится в ее историческом центре', 16),
(23, 'Maristella Marine Residence', 5, 0, 1, 'Maristella Marine Residence - одесский отель, расположенный прямо у моря, в 8 км от центра Одессы в курортной зоне. Единению с морем поспособствует  дизайн – номера с панорамными окнами с видом на синие просторы и длинная терраса прямо над водой. Также есть свой оборудованный пляж с шезлонгами и два бассейна. Один из них – детский, разделенный на две зоны для деток разного возраста. В роме превосходной европейской кухни тут угощают специфическими одесскими блюдами. Не упустите шанс попробовать. Кстати, сделать это можно на открытой площадке под аккомпанемент волн Черного моря.', 16),
(24, 'Grand Hotel Nariman', 2, 6, 0, 'Гранд-отель «Нариман» расположен в городе Хеническ. К услугам гостей общий лаундж, сад, принадлежности для барбекю и терраса. К услугам гостей ресторан, круглосуточная стойка регистрации, общая кухня и бесплатный Wi-Fi. За дополнительную плату предоставляется частная парковка.\r\n\r\nВсе номера оснащены чайником. В каждом номере гранд-отеля NARIMAN есть шкаф и собственная ванная комната.\r\n\r\nЕжедневно в отеле сервируется континентальный завтрак.\r\n\r\nНа территории гранд-отеля «Нариман» обустроена детская игровая площадка. Гости отеля могут заняться различными видами активного отдыха в Хеническе, в том числе рыбной ловлей.\r\n\r\nМы говорим на вашем языке!', 19),
(25, 'Kolobok Guest House', 1, 0, 0, 'Гостевой дом «Колобок» расположен в селе Геническ. К услугам гостей бесплатный Wi-Fi, сезонный открытый бассейн, ресторан и бесплатная частная парковка на территории.\r\n\r\nВсе номера оснащены телевизором со спутниковыми каналами.\r\n\r\nНа территории работает сувенирный магазин.\r\n\r\nВ мини-гостинице можно поиграть в настольный теннис.\r\n\r\nПарам особенно нравится расположение — они оценили проживание в этом районе для поездки вдвоем на 8,9.\r\n\r\nМы говорим на вашем языке', 19),
(26, 'Orhidea Hotel', 4, 0, 0, 'Отель «Орхидея» с бесплатным Wi-Fi и спа-центром с бассейном расположен в Геническе. На территории открыт бар. Автомобиль можно оставить на частной парковке.\r\n\r\nКаждый номер оснащен кондиционером и телевизором с плоским экраном. В некоторых номерах есть гостиный уголок. В числе удобств — чайник. Собственная ванная комната с ванной или душем укомплектована феном и бесплатными туалетно-косметическими принадлежностями.\r\n\r\nВ здании работают круглосуточная стойка регистрации и сувенирный магазин.\r\n\r\nВ отеле можно поиграть в настольный теннис и взять напрокат автомобиль.\r\n\r\nПарам особенно нравится расположение — они оценили проживание в этом районе для поездки вдвоем на 9,5.\r\n\r\nМы говорим на вашем языке', 19),
(27, 'Диодон', 3, 6, 1, 'Этот отель со спа-центром, открытым бассейном (открыт круглосуточно), детской игровой площадкой и частным пляжем расположен на побережье Азовского моря в 11 км от Бердянска. Хотя отель рассчитан в первую очередь на семейный отдых с детьми, взрослым также найдется занятие. Боулинг, например, включена в стоимость номера. Есть СПА, хамам, джакузи, массаж, косметические процедуры. Романтики оценят балконы с мебелью и фонариками, а гурманы – мастерство шеф-повара', 17),
(28, 'Ореанда', 2, 0, 0, 'Здесь запах моря смешивается с ароматом сосен и благоуханием трав, ведь этот комплекс в самом центре Бердянской косы буквально утопает в зелени. Когда надоест лежать на пляже (а до него от корпуса пара минут ходьбы), можно переместиться к бассейну или в японский сад. Или поиграть в бильярд и теннис. Есть детский клуб с анимацией, а по вечерам аниматоры развлекут и взрослых. Но имеется у комплекса еще две необычные «фишки». Во-первых, не имеющая пока аналогов в Украине площадка для мини-гольфа. И во-вторых, здесь разрешено размещение с животными', 17),
(29, 'Patkovski Hotel', 5, 0, 1, 'PATKOVSKI HOTEL расположен в живописном уголке, у подножия горы Буковель, в центре одноименного курорта. Привлекает он своих гостей очень выгодным и удобным расположением на променатном пути между первым и вторым горнолыжными подъемниками, что делает его идеальным местом отдыха для тех, кто хочет комфортно проживать непосредственно у горнолыжных подъемников. До горнолыжного подъемника № 1 всего около 90 метров. Зимой иногда гости выйдя из отеля, одевают лыжи и съезжают прямо к подъемнику. В Буковеле хорошо развитая инфраструктура: множество разнообразных ресторанов, пабов, хижин, SPA-зон, саун, магазинов, бутиков, пунктов проката лыжного снаряжения, ночные клубы, боулинг, концертный зал, ледовый каток и многое другое, и все это рядом с отелем на расстоянии от 20 до 400 метров. В самом отеле работает ресторан, паб, гриль-бар, SPA-зона, сушка для лыжного инвентаря, продовольственный магазин. Буковель прекрасный как зимой, так и летом. Сезон горнолыжного катания длится обычно с начала декабря до средины мая. А летом и осенью можно наслаждаться целебным воздухом, купаться в кристально чистых озерах Буковеля (к стати, ближайшее озеро обустроено пляжной зоной всего в 200 метрах от отеля). А еще целое лето и осень - множество целебных карпатских трав и ягод, грибы', 18),
(30, 'TK Bukovel Hotel', 1, 6, 0, 'Особенности: Самый известный туристический комплекс Украины состоит из 2 коттеджных городков и предлагает развлечения на любой вкус.\r\n\r\nРасположение: Туристический комплекс \"Буковель\" расположен на высоте 920 м над уровнем моря. Изначально ТК Буковель был спроектирован как лыжный курорт. С 2008 года начал развиваться как всесезонный SPA-курорт, а также как лечебный и бальнеологический центр.\r\n\r\nРазмещение: Территория туристического комплекса условно разделена на 2 жилых коттеджных городка.\r\n\r\nПервый коттеджный городок - это нижняя, центральная часть (построена в 2001 г.) К размещению предоставляются 2х этажные коттеджи с номерами категорий Эконом,Двухместный полулюкс(New), Трехместный Полулюкс, Трехместный полулюкс (New), Люкс.\r\n\r\nВторой коттеджный городок - верхняя часть жилого комплекса. Находится на склоне, между подъемником №1R1 и№2R. Это новый жилой массив тянется вдоль всей центральной части комплекса. Во втором коттеджном городке находятся 2х этажные коттеджи с номерами категорий Эконом+, Полулюкс+, Полулюкс улучшенный+, Люкс Superior, Люкс Superior+, а также все категории Шале.\r\n\r\nВ 2017 году в нижней резиденции в номерах категорий с пометкой \"New\" была произведена полная реновация.\r\n\r\nВо всех номерах: доступ в Интернет (Wi-Fi), телевизор, телефон, мини-бар (за дополнительную плату)', 18),
(31, 'Granad Luxury', 5, 0, 0, 'Цей готель розташований біля Середземного моря. До послуг гостей відкритий басейн, безкоштовна автостоянка, спа-центр та номери з кондиціонером і супутниковим телебаченням.\r\n\r\nНомери оснащені телевізором із супутниковими каналами та міні-баром.\r\n\r\nУ помешканні організовують танцювальні шоу та розважальну програму. Гості можуть відпочити у саду готелю та замовити екскурсії по місту в туристичному бюро. У спа-центрі обладнано турецьку лазню, сауну і гідромасажну ванну.\r\n\r\nУ ресторані готелю Granada Luxury Okurcalar подають страви турецької та міжнародної кухні. У снек-барі біля басейну пропонують страви швидкого приготування та різноманітні закуски.\r\n\r\nВідстань від готелю до водоспаду Манавгат становить лише 30 км. До центру міста Аланія можна дістатися за 30 хвилин їзди. Аеропорт Анталії розміщений за 2 години їзди від помешкання.', 20),
(32, 'Rixos Premium', 2, 0, 1, 'Rixos Premium Belek 5*, один из самых популярных гостиничных комплексов Анталийской Ривьеры.\r\n\r\nСовременныйи элегантный отельс расширенным спектром услуг исовершенной инфраструктурой. Rixos Premium Belek 5*отвечает всемтребованиям самого роскошного гостиничного комплекса и предоставляетмаксимально комфортные условия для нового поколения путешественников.\r\n\r\nКомплекс рассчитан на 1700 гостей, об отдыхе которых заботится команда из 1000 человек. Оригинальная архитектура, необычный дизайн и обширная территория позволяют гостям совершить путешествие по разным уголкам света, не покидая пределов отеля.\r\n\r\nБереговая линия, протяженностью 700 метров с мягким и нежным покрытием, будто сахарный песок. Пирс для купания и солнечный ванн, удобные лежаки и навес, роскошные павильоны на пляже и около бассейна с индивидуальным сервисом.\r\n\r\nОтель располагает роскошными комфортными номерами для идеальногоотдыха и самым лучшим SPA -центром в Белеке La Delmare SPA, предлагающим балийский, тайский и африканский массажи, снежнуюи дождевую комнаты и многое другое. Двухэтажный комплекс, расположенный на площади 4500 м2. Божественная атмосфера красоты и гармонии царит повсюду, продуманный до мельчайших деталей дизайн интерьера, современные технологии и лучшие терапевты из разных уголков земли.', 20),
(33, 'Spice Hotel', 3, 6, 0, 'Spice Hotel & SPA - 5-звездочный гостиничный комплекс, общая площадь которого составляет 91000 м2. Состоит из Основного 4-х этажного здания (standard и suite номера), 2-х дополнительных зданий и 22 одно- и двухэтажных вилл, расположенных в VIP зоне. Отель оформлен в восточном стиле.\r\n\r\nВашему вниманию преlлагается просторный вестибюль, лобби бар, ресепшен, 6 панорамных лифтов, 1 главный ресторан, 4 ресторана Ala Carte, разнообразные бары, торговый центр Aktar (бутик, ювелирный, ковровый, кожаный и сувенирный магазины, мини-маркет), парикмахерская, фотостудия, SPA центр (3500 м2): полуолимпийский крытый бассейн (200 м2), джакузи, сауны, турецкая баня, фитнес центр. Амфитеатр (01.05.-25.10.2013), Кинотеатр, Боулинг, Бильярд, Интернет-кафе, Беспроводной Интернет (в лобби и в номерах), Игровой салон, Мини-клуб (4-12 лет) с детской площадкой, Детский Бассейн, Открытый Бассейн (5.000 м2), Отдельный Открытый Бассейн на VIP зоне (1.800 м2), Аквапарк с Горками (7 горок), Теннисные Корты (4 корта, кварцевое покрытие, освещение, оборудование, уроки тенниса), Поля для Пляжного Волейбола, Баскетбола и Мини-футбола. В отеле размещение с животными не предусмотрено. Принимаются к оплате Visa, Master карты\r\n', 20),
(35, 'Club House Hotel', 1, 0, 1, 'Недавно отреставрированный и расположенный в Rimini Марина Centro, Club House - элегантная гостиница, от нее легко добраться пешком как в центр города, так и к частному пляжу отеля. Гостиница окружена различными памятниками культурного и исторического наследия. Кроме того, ее близость к аэропорту Римини делает отель  легкодоступным при путешествиях из-за границы.\r\nОтель состоит из четырехэтажного корпуса. В отеле имеется 6 конференц-залов  для 20-160 гостей, наружный плавательный бассейн. Отдохнуть или просто выпить напиток можно в баре. Вечером можно расслабиться на террасе в саду, наблюдая морской закат. Номера в Club House изящно меблированы, в средиземноморском стиле, оформлены в классическом, но современном стиле, и предлагают наилучший комфорт и самые современные удобства. В каждом номере ванна (кроме 4 комнатного, где установлен душ), небольшая кухонька за отодвигающейся панелью, дополнительная складная кровать для третьего человека, убирающаяся в стену.', 21),
(36, 'Susesi Luxury Resort', 2, 6, 1, 'Турецкое словосочетание \"Su Sesi\" в переводе означает \"звук воды\" или \"плеск воды\", \"журчание воды\". Отель удивляет своим огромным водным раем, раскинувшимся по всей территории. Множество больших и маленьких бассейнов, переходящих из одного в другой и уходящих в бесконечное морское пространство - настоящее царство водной стихии.\r\nСовременный дизайн и грамотно спланированная архитектура отеля предлагают комфортные стандартные номера, сьюты и виллы. Вотелепрекрасно оборудованный СПА-Центр, обширная спортивная инфраструктура, множество развлечений и превосходная разнообразная кухня. Всё это и многое другое делают отель SUSESI идеальным для полноценного семейного отдыха. Также отель прекрасно подходит для проведения деловых и торжественных встреч любого уровня (в отеле большое количество конференц-залов и специальных услуг для корпоративных мероприятий).', 20),
(37, 'Hotel Grifone', 5, 0, 0, 'Тризірковий готель Grifone розташований безпосередньо на березі моря в районі Белларіва міста Ріміні. У зонах загального користування надається безкоштовний Wi-Fi. У всіх номерах є просторий балкон із видом на море.\r\n\r\nУ числі інших зручностей — панорамна тераса на даху. Персонал готелю працює цілодобово.\r\n\r\nНомери оснащені телевізором із рідкокристалічним дисплеєм і письмовим столом та мають окрему ванну кімнату з безкоштовними туалетно-косметичними засобами.\r\n\r\nГотель Grifone розміщений за 3 км від входу в аеропорт Ріміні імені Федеріко Фелліні. Поїздка до залізничного вокзалу Ріміні й стадіону \"105\" займе всього 10 хвилин.\r\n\r\nБелларіва - прекрасний вибір для мандрівників, яких цікавить: зустріч з гостинними людьми, прогулянка вздовж пляжу і відвідування пісочних пляжів.\r\n\r\nЦе улюблений район наших гостей у напрямку Ріміні, відповідно до незалежних відгуків.', 21),
(38, 'Hotel Montmarte', 4, 0, 0, 'Готель Montmartre розташований навпроти пляжу Баньо-Чельсо в районі Торре-Педрера міста Ріміні. До послуг гостей оздоровчий центр і відкритий басейн. У помешканні надається безкоштовний Wi-Fi. Усі номери налічують балкон.\r\n\r\nНомери готелю Montmartre оформлені в класичному стилі. Вони оснащені кондиціонером, міні-баром і телевізором із плоским екраном. З вікон деяких номерів гості милуватимуться краєвидами Адріатичного моря.\r\n\r\nДо 11:30 у помешканні подають ситний сніданок шведський стіл, який включає бекон, яйця, пластівці й багато іншого. Упродовж усього дня в готелі працює бістро, де можна замовити напої та фірмові страви регіону Емілія-Романья.\r\n\r\nПісля проведеного на узбережжі Романья дня гості можуть розслабитися в сауні та турецькій лазні. Окрім того, в закладі є фітнес-центр.\r\n\r\nВід парку розваг Italy in Miniature готель відділяють 2 км. У помешканні облаштовано безплатну відкриту парковку, місця на якій надаються за умови наявності. Окрім того, неподалік розміщена парковка, що охороняється. До автомагістралі A14 \"Адріатика\" гості доїдуть за 10 хвилин.\r\n\r\nТорре Педрера - прекрасний вибір для мандрівників, яких цікавить: прогулянка вздовж узбережжя, піші прогулянки і прогулянка вздовж пляжу.', 21),
(39, 'Hotel Villa La Brise', 3, 6, 0, 'Вилла La Brise занимает уютное и комфортабельное здание начала ХХ века, расположенное в жилой зоне, в 50 метрах от набережной Сан-Ремо. Вилла управляется молодой семьей, которая с энтузиазмом и увлеченно относится к своему делу. Это идеальное место для приятного пребывания на Ривьере-деи-Фиори. На вилле La Brise можно выпить любимый напиток в баре, отдохнуть в частном саду и посмотреть спутниковое телевидение. В ресторане организовано питание по обычному и дегустационному меню. В номерах установлены кондиционеры и окна с двойными стеклами. В 10 номерах имеется собственная терраса с видом на залив Сан-Ремо. От автобусного вокзала поблизости можно быстро добраться до всех достопримечательностей Сан-Ремо. К вашим услугам бесплатная парковка отеля и интернет Wi-Fi на всей территории отеля! Мы говорим на вашем языке!', 23),
(40, 'Nyala Suite Hotel', 1, 0, 0, 'Отель Nyala Suite находится среди тропических садов в холмистом жилом районе Сан-Ремо, так что из него открывается вид на Лигурийское море. В отеле к вашим услугам открытый бассейн с шезлонгами и зонтиками, а также номера с бесплатным Wi-Fi.\r\n\r\nОтель Nyala Suite включает в себя 2 здания, соединенных между собой лифтом и коридором. Все номера располагают террасой или балконом и оборудованы кондиционером. Обстановка выдержана в современном или колониальном стиле, полы выполнены из дерева, а удобства включают в себя ЖК-телевизор с диагональю 32 дюйма и сейф для ноутбука.\r\n\r\nЭтот 4-звездочный отель находится в 80 м над уровнем моря и в 800 м от пляжа, к которому можно спуститься по тропинке. В высокий сезон гостям предоставляется бесплатный трансфер до пляжа и центра Сан-Ремо. Кроме того, в 100 м от отеля расположена автобусная остановка .\r\n\r\nПо утрам для гостей сервируют завтрак \"шведский стол\" с горячими и холодными блюдами, а в ресторане подают блюда итальянской кухни и фирменные блюда лигурийского региона. В июле и августе на обед и ужин в баре у бассейна готовят барбекю, а на террасе на крыше каждую пятницу накрывают \"шведский стол\".', 23),
(41, 'Royal Hotel Sanremo', 5, 0, 1, 'Этот роскошный отель расположен на территории тропического сада площадью более 16 000 кв. м, на морской набережной, в 5 минутах ходьбы от казино Сан-Ремо. К услугам гостей современный спа-центр и открытый бассейн с большой террасой для загара.\r\n\r\nС июня по сентябрь за отдельную плату напротив отеля можно посетить партнерский пляж с кабинками для переодевания, шезлонгами и зонтиками. Круглый год работает оздоровительный центр с сауной, гидромассажной ванной и турецкой баней. К услугам гостей также тренажерный зал и теннисный корт.\r\n\r\nНомера отеля Royal обставлены антикварной мебелью и оснащены современными удобствами, включая кондиционер, спутниковое телевидение и мини-бар. Во всех номерах среди удобств мраморная ванная комната с халатом и тапочками. Из некоторых номеров открывается вид на море.\r\n\r\nКаждое утро для гостей сервируют завтрак «шведский стол». В ресторане Fiori di Murano с видом на парк и море подают изысканные блюда итальянской кухни. Летом гости могут посетить бар-ресторан Corallina у бассейна и ресторан изысканной кухни Il Giardino, где на террасе подают ужин при свечах.', 23),
(42, 'Dahab Plaza Hotel', 3, 6, 0, 'Отель Dahab Plaza с крытым бассейном во внутреннем дворе расположен в городе Дахаб, всего в 2 минутах ходьбы от пляжа. По утрам в отеле подается бесплатный завтрак со свежими соками, сырами и фалафелем. Напротив этого отеля останавливается автобус.\r\n\r\nВсе номера лаконично оформлены и оснащены кондиционером. В каждом из них есть холодильник, спутниковое телевидение и ванная комната.\r\n\r\nВнимательные сотрудники отеля могут организовать вечер у костра с фирменным чаем и кальяном. По запросу бесплатно предоставляются минеральная вода, чай и кофе.\r\n\r\nОтель Dahab Plaza находится менее чем в 2 минутах ходьбы от супермаркета Ghazala и близлежащих ресторанов. Прогулка до пляжа Дахаба, где можно заняться дайвингом и сноркелингом, занимает 2 минуты. До главного автобусного вокзала Дахаба — 1 минута ходьбы.', 24),
(43, 'Monica Hotel', 5, 0, 1, 'В отеле Monica, расположенном в Дахабе, в нескольких шагах от магазина дайвинга, к услугам гостей номера с общим лаунджем, бесплатная частная парковка, сад и принадлежности для барбекю. В распоряжении гостей общая кухня и терраса. Из отеля открывается вид на бассейн. К услугам гостей открытый бассейн, круглосуточная стойка регистрации и бесплатный Wi-Fi на всей территории.\r\n\r\nВ номерах отеля обустроен гостиный уголок. В каждом номере отеля Monica есть кондиционер и собственная ванная комната.\r\n\r\nВ окрестностях популярны велосипедные прогулки. В отеле можно взять напрокат велосипед.\r\n\r\nСреди популярных достопримечательностей вблизи отеля Monica — магазин дайвинга X-Treme, место археологических раскопок и дайвинг-центр Oxygene. Расстояние до международного аэропорта Шарм-эль-Шейха составляет 96 км.', 24),
(44, 'Sea Soul Hotel', 2, 0, 0, 'Отель Sea Soul расположен в Дахабе, в нескольких шагах от центра дайвинга Tek Tribe - Technical Dive Centre. К услугам гостей номера с кондиционером и общий лаундж. Среди прочих удобств — общая кухня и доставка еды и напитков в номер. На всей территории отеля предоставляется бесплатный Wi-Fi. В отеле имеются семейные номера.\r\n\r\nВ каждом номере отеля есть шкаф и собственная ванная комната.\r\n\r\nЕжедневно в отеле Sea Soul сервируется континентальный и вегетарианский завтрак.\r\n\r\nК услугам гостей терраса. В окрестностях популярны велосипедные прогулки. В отеле Sea Soul можно взять напрокат велосипед.\r\n\r\nВ числе популярных достопримечательностей в окрестностях дайвинг-центр Sea Pioneer, место для наблюдения за скатами Lighthouse и дайвинг-центр Red Sea Relax. Расстояние от отеля Sea Soul до ближайшего международного аэропорта Шарм-эш-Шейх составляет 96 км. За дополнительную плату организуется трансфер от/до аэропорта.', 24),
(45, 'Tirana Dahab Resort', 1, 6, 1, 'Четырехзвездочный курортный отель Tirana Dahab расположен в отличном месте рядом с Красным морем, в 3 км от центра Дахаба. К услугам гостей бассейн в форме лагуны и современные номера с меблированным балконом.\r\n\r\nКаждый номер курортного отеля Tirana Dahab оформлен в теплых тонах. Среди удобств мини-бар и телевизор со спутниковыми каналами. Курортный отель Tirana Dahab находится в окружении розовых гор Синайского полуострова. Из отеля открывается вид на 650-метровый песчаный пляж Красного моря.\r\n\r\nВ курортном отеле работают 3 ресторана и 4 бара, где гости могут заказать блюда традиционной кухни и напитки и посмотреть живые выступления в помещении или на террасе.\r\n\r\nГости могут заказать сеанс расслабляющего массажа или посетить фитнес-центр.\r\n\r\nРасстояние до международного аэропорта Шарм-эль-Шейха составляет 88 км.', 24),
(46, 'Bel Air Azur Resort', 4, 0, 1, 'Пляжный отель, работающий по системе «все включено», расположен на берегу Красного моря, всего в 3 км от центра Хургады. К услугам гостей пресноводные бассейны площадью 800 кв. м, а также номера с балконом и бесплатным мини-баром.\r\n\r\nВ ресторане Bordiehns с восточной кухней фьюжн можно поужинать при свечах. В баре у бассейна имеется широкий выбор мороженого, а другие 5 баров подают легкие закуски и напитки.\r\n\r\nОкна всех современных номеров курорта Bel Air Azur выходят на центральную площадку с бассейном. Все номера располагают спутниковым телевидением, небольшим журнальным столиком с плетеными креслами, а также феном.\r\n\r\nГости могут потренироваться в тренажерном зале, на кортах для игры в теннис и сквош.\r\n\r\nОтель Bel Air Azur расположен всего в 7 км от международного аэропорта Хургады. Предоставляется бесплатная парковка', 25),
(47, 'Sunrise Aqua Joy', 5, 0, 0, 'Семейный курортный отель Aqua Joy - by SUNRISE расположен на пляже в городе Хургада. К услугам гостей 6 открытых бассейнов, парк и частный пляж. В местах общего пользования предоставляется бесплатный Wi-Fi.\r\n\r\nНомера 4-звездочного отеля просто оформлены в теплых тонах и оснащены кондиционером. В числе удобств каждого номера мини-бар, балкон или терраса и телевизор со спутниковыми каналами. Также в распоряжении гостей собственная ванная комната.\r\n\r\nПри курортном отеле Aqua Joy - by SUNRISE работают рестораны интернациональной, итальянской, азиатской, египетской и греческой кухни, а также ресторан, где подают блюда из морепродуктов. Кроме того, в распоряжении постояльцев 5 баров, в том числе бар с кальяном.\r\n\r\nНа территории курортного отеля гости могут посетить аквапарк, тренажерный зал, спа-центр и салон красоты.\r\n\r\nРасстояние до международного аэропорта Хургада составляет 6,5 км. До автобусного вокзала 10 минут ходьбы. Рядом с курортным отелем обустроена бесплатная общественная парковка.', 25),
(48, 'Marriott Red Sea', 2, 6, 1, 'В этом курортном отеле сети Marriott к услугам гостей большой бассейн, оздоровительный клуб и собственный остров с частным пляжем. Из всех номеров открывается вид на Красное море. Отель находится в 10 минутах езды от пристани для яхт Хургады.\r\n\r\nНомера оснащены телевизором с 32-дюймовым экраном и спутниковыми каналами, мини-баром и сейфом. В ванной комнате установлено биде и предоставляется фен. Некоторые номера выходят на балкон с видом на море.\r\n\r\nПо утрам в ресторане Shorouk или на открытой террасе с видом на море сервируется обильный завтрак «шведский стол». Обеденные закуски подаются в ресторане у бассейна. В ресторане Tuscany гостям предложат блюда изысканной кухни на открытом воздухе.\r\n\r\nОздоровительный клуб отеля расположен в отдельном здании. Гости могут посетить массажные кабинеты, сухие и влажные сауны и гидромассажную ванну. Любители спорта могут сыграть в теннис или позаниматься в большом тренажерном зале отеля Marriott.\r\n\r\nГостям курортного отеля Hurghada Marriott Red Sea предоставляются пляжные полотенца и шезлонги. Гости могут отдохнуть на большом открытом патио, покурить египетский кальян или заказать любимый напиток.\r\n\r\nКурортный отель Hurghada Marriott находится в 8 км от центрального района Эль-Дахар. Поездка до аэропорта занимает всего 10 минут.', 25);

-- --------------------------------------------------------

--
-- Структура таблицы `nutrition`
--

CREATE TABLE `nutrition` (
  `id` int(11) NOT NULL,
  `name` varchar(16) NOT NULL
) ENGINE=InnoDB DEFAULT CHARSET=utf8;

--
-- Дамп данных таблицы `nutrition`
--

INSERT INTO `nutrition` (`id`, `name`) VALUES
(1, 'без питания'),
(2, 'завтрак'),
(3, 'завтрак + ужин'),
(4, '3-разовое'),
(5, 'все включено');

-- --------------------------------------------------------

--
-- Структура таблицы `photos`
--

CREATE TABLE `photos` (
  `id` int(11) NOT NULL,
  `path` varchar(32) NOT NULL,
  `hotel_id` int(11) NOT NULL
) ENGINE=InnoDB DEFAULT CHARSET=utf8;

--
-- Дамп данных таблицы `photos`
--

INSERT INTO `photos` (`id`, `path`, `hotel_id`) VALUES
(37, '0312700001579806143.jpeg', 19),
(38, '0313614001579806143.jpeg', 19),
(39, '0314771001579806143.jpeg', 19),
(40, '0315676001579806143.jpeg', 19),
(41, '0316570001579806143.jpeg', 19),
(42, '0317492001579806143.jpeg', 19),
(43, '0131405001579806280.jpeg', 20),
(44, '0566570001579806641.jpeg', 21),
(45, '0567586001579806641.jpeg', 21),
(46, '0568367001579806641.jpeg', 21),
(47, '0569081001579806641.jpeg', 21),
(48, '0569785001579806641.jpeg', 21),
(49, '0570891001579806641.jpeg', 21),
(50, '0572076001579806641.jpeg', 21),
(51, '0706274001579806711.jpeg', 22),
(52, '0226297001579806909.jpeg', 23),
(53, '0762989001579807218.jpeg', 24),
(54, '0764170001579807218.jpeg', 24),
(55, '0765458001579807218.jpeg', 24),
(56, '0766973001579807218.jpeg', 24),
(57, '0768433001579807218.jpeg', 24),
(58, '0769908001579807218.jpeg', 24),
(59, '0770717001579807218.jpeg', 24),
(60, '0771491001579807218.jpeg', 24),
(61, '0772200001579807218.jpeg', 24),
(62, '0772873001579807218.jpeg', 24),
(63, '0773692001579807218.jpeg', 24),
(64, '0695607001579807333.jpeg', 25),
(65, '0696752001579807333.jpeg', 25),
(66, '0697830001579807333.jpeg', 25),
(67, '0698853001579807333.jpeg', 25),
(68, '0700027001579807333.jpeg', 25),
(69, '0702035001579807333.jpeg', 25),
(70, '0326953001579807582.jpeg', 26),
(71, '0328313001579807582.jpeg', 26),
(72, '0329668001579807582.jpeg', 26),
(73, '0330802001579807582.jpeg', 26),
(74, '0331930001579807582.jpeg', 26),
(75, '0332981001579807582.jpeg', 26),
(76, '0372370001579807718.jpeg', 27),
(77, '0814392001579807801.jpeg', 28),
(78, '0319027001579808043.jpeg', 29),
(79, '0320630001579808043.jpeg', 29),
(80, '0321877001579808043.jpeg', 29),
(81, '0322768001579808043.jpeg', 29),
(82, '0323567001579808043.jpeg', 29),
(83, '0324494001579808043.jpeg', 29),
(84, '0508779001579808193.jpeg', 30),
(85, '0510448001579808193.jpeg', 30),
(86, '0511294001579808193.jpeg', 30),
(87, '0512022001579808193.jpeg', 30),
(88, '0512813001579808193.jpeg', 30),
(89, '0513772001579808193.jpeg', 30),
(90, '0596882001579895013.jpeg', 31),
(91, '0598312001579895013.jpeg', 31),
(92, '0599293001579895013.jpeg', 31),
(93, '0601255001579895013.jpeg', 31),
(94, '0602535001579895013.jpeg', 31),
(95, '0603624001579895013.jpeg', 31),
(96, '0604630001579895013.jpeg', 31),
(97, '0277995001579895233.jpeg', 32),
(98, '0279148001579895233.jpeg', 32),
(99, '0280115001579895233.jpeg', 32),
(100, '0281682001579895233.jpeg', 32),
(101, '0282744001579895233.jpeg', 32),
(102, '0283740001579895233.jpeg', 32),
(104, '0674503001579895388.jpeg', 33),
(105, '0675472001579895388.jpeg', 33),
(106, '0676244001579895388.jpeg', 33),
(107, '0677161001579895388.jpeg', 33),
(108, '0709835001579895388.jpeg', 33),
(115, '0835086001579896098.jpeg', 35),
(116, '0836444001579896098.jpeg', 35),
(117, '0838660001579896098.jpeg', 35),
(118, '0839670001579896098.jpeg', 35),
(119, '0840959001579896098.jpeg', 35),
(120, '0842355001579896098.jpeg', 35),
(121, '0429452001579896298.jpeg', 36),
(122, '0430453001579896298.jpeg', 36),
(123, '0432000001579896298.jpeg', 36),
(124, '0434034001579896298.jpeg', 36),
(125, '0434798001579896298.jpeg', 36),
(126, '0435986001579896298.jpeg', 36),
(127, '0438257001579896298.jpeg', 36),
(128, '0707229001579896610.jpeg', 37),
(129, '0708616001579896610.jpeg', 37),
(130, '0709822001579896610.jpeg', 37),
(131, '0710948001579896610.jpeg', 37),
(132, '0711940001579896610.jpeg', 37),
(133, '0713153001579896610.jpeg', 37),
(134, '0544291001579896760.jpeg', 38),
(135, '0545530001579896760.jpeg', 38),
(136, '0546757001579896760.jpeg', 38),
(137, '0547814001579896760.jpeg', 38),
(138, '0549339001579896760.jpeg', 38),
(139, '0550319001579896760.jpeg', 38),
(140, '0003168001579898552.jpeg', 39),
(141, '0004425001579898552.jpeg', 39),
(142, '0005432001579898552.jpeg', 39),
(143, '0006445001579898552.jpeg', 39),
(144, '0007492001579898552.jpeg', 39),
(145, '0008344001579898552.jpeg', 39),
(146, '0590042001579898961.jpeg', 40),
(147, '0591074001579898961.jpeg', 40),
(148, '0592074001579898961.jpeg', 40),
(149, '0593002001579898961.jpeg', 40),
(150, '0593950001579898961.jpeg', 40),
(151, '0595319001579898961.jpeg', 40),
(152, '0596342001579898961.jpeg', 40),
(153, '0165124001579899137.jpeg', 41),
(154, '0166379001579899137.jpeg', 41),
(155, '0167414001579899137.jpeg', 41),
(156, '0168659001579899137.jpeg', 41),
(157, '0169912001579899137.jpeg', 41),
(158, '0171235001579899137.jpeg', 41),
(159, '0173330001579899137.jpeg', 41),
(160, '0871443001579900844.jpeg', 42),
(161, '0930157001579900844.jpeg', 42),
(162, '0931284001579900844.jpeg', 42),
(163, '0932396001579900844.jpeg', 42),
(164, '0933964001579900844.jpeg', 42),
(165, '0315989001579900989.jpeg', 43),
(166, '0316995001579900989.jpeg', 43),
(167, '0317916001579900989.jpeg', 43),
(168, '0318853001579900989.jpeg', 43),
(169, '0319783001579900989.jpeg', 43),
(170, '0320966001579900989.jpeg', 43),
(171, '0321939001579900989.jpeg', 43),
(172, '0730177001579901140.jpeg', 44),
(173, '0731244001579901140.jpeg', 44),
(174, '0732304001579901140.jpeg', 44),
(175, '0733320001579901140.jpeg', 44),
(176, '0734213001579901140.jpeg', 44),
(177, '0735418001579901140.jpeg', 44),
(178, '0736517001579901140.jpeg', 44),
(179, '0387194001579901231.jpeg', 45),
(180, '0388343001579901231.jpeg', 45),
(181, '0389346001579901231.jpeg', 45),
(182, '0390221001579901231.jpeg', 45),
(183, '0391161001579901231.jpeg', 45),
(184, '0392363001579901231.jpeg', 45),
(185, '0393314001579901231.jpeg', 45),
(186, '0394560001579901231.jpeg', 45),
(187, '0395968001579901231.jpeg', 45),
(188, '0407498001579901495.jpeg', 46),
(189, '0409050001579901495.jpeg', 46),
(190, '0410212001579901495.jpeg', 46),
(191, '0411409001579901495.jpeg', 46),
(192, '0412359001579901495.jpeg', 46),
(193, '0413363001579901495.jpeg', 46),
(194, '0414660001579901495.jpeg', 46),
(195, '0302286001579901627.jpeg', 47),
(196, '0303428001579901627.jpeg', 47),
(197, '0304680001579901627.jpeg', 47),
(198, '0306470001579901627.jpeg', 47),
(199, '0307813001579901627.jpeg', 47),
(200, '0309314001579901627.jpeg', 47),
(201, '0310846001579901627.jpeg', 47),
(202, '0305875001579901842.jpeg', 48),
(203, '0307348001579901842.jpeg', 48),
(204, '0308736001579901842.jpeg', 48),
(205, '0310665001579901842.jpeg', 48),
(206, '0312226001579901842.jpeg', 48),
(207, '0313221001579901842.jpeg', 48),
(208, '0315269001579901842.jpeg', 48);

-- --------------------------------------------------------

--
-- Структура таблицы `reservations`
--

CREATE TABLE `reservations` (
  `room_id` int(11) DEFAULT NULL,
  `reserved` date DEFAULT NULL
) ENGINE=InnoDB DEFAULT CHARSET=utf8;

--
-- Дамп данных таблицы `reservations`
--

INSERT INTO `reservations` (`room_id`, `reserved`) VALUES
(164, '2020-09-10'),
(165, '2020-09-10');

-- --------------------------------------------------------

--
-- Структура таблицы `room-types`
--

CREATE TABLE `room-types` (
  `id` int(11) NOT NULL,
  `type` varchar(16) NOT NULL
) ENGINE=InnoDB DEFAULT CHARSET=utf8;

--
-- Дамп данных таблицы `room-types`
--

INSERT INTO `room-types` (`id`, `type`) VALUES
(1, 'Apartment'),
(2, 'De Luxe'),
(3, 'Duplex'),
(4, 'Studio'),
(5, 'Standart'),
(6, 'Residense'),
(7, 'Villa');

-- --------------------------------------------------------

--
-- Структура таблицы `rooms`
--

CREATE TABLE `rooms` (
  `id` int(11) NOT NULL,
  `hotel_id` int(11) NOT NULL,
  `type_id` int(11) DEFAULT NULL,
  `price` int(11) DEFAULT NULL,
  `places` int(11) DEFAULT NULL
) ENGINE=InnoDB DEFAULT CHARSET=utf8;

--
-- Дамп данных таблицы `rooms`
--

INSERT INTO `rooms` (`id`, `hotel_id`, `type_id`, `price`, `places`) VALUES
(1, 20, 2, 1800, 4),
(2, 20, 1, 1850, 2),
(3, 20, 1, 1850, 2),
(4, 22, 1, 1300, 4),
(5, 22, 1, 1300, 4),
(6, 23, 1, 1100, 2),
(7, 23, 1, 1100, 2),
(8, 19, 1, 1700, 4),
(9, 19, 1, 1700, 4),
(10, 27, 4, 1400, 4),
(11, 27, 4, 1400, 4),
(12, 28, 4, 1900, 3),
(13, 28, 4, 1900, 3),
(14, 21, 1, 1900, 2),
(15, 21, 1, 1900, 2),
(16, 29, 1, 1750, 2),
(17, 29, 1, 1750, 2),
(18, 30, 2, 1850, 2),
(19, 30, 2, 1850, 2),
(20, 24, 6, 1600, 3),
(21, 24, 6, 1600, 3),
(22, 25, 3, 1650, 4),
(23, 25, 3, 1650, 4),
(24, 26, 5, 1350, 4),
(25, 26, 5, 1350, 4),
(26, 31, 5, 1250, 4),
(27, 31, 5, 1250, 4),
(28, 32, 6, 1800, 4),
(29, 32, 6, 1800, 4),
(30, 33, 4, 1300, 3),
(31, 33, 4, 1300, 3),
(32, 36, 3, 1700, 3),
(33, 36, 3, 1700, 3),
(34, 35, 3, 1350, 4),
(35, 35, 3, 1350, 4),
(36, 37, 1, 1250, 3),
(37, 37, 1, 1250, 3),
(38, 38, 4, 1250, 4),
(39, 38, 4, 1250, 4),
(40, 39, 4, 1200, 4),
(41, 39, 4, 1200, 4),
(42, 40, 1, 1300, 3),
(43, 40, 1, 1300, 3),
(44, 41, 1, 1250, 3),
(45, 41, 1, 1250, 3),
(46, 42, 1, 1450, 3),
(47, 42, 1, 1450, 3),
(48, 43, 4, 1000, 3),
(49, 43, 4, 1000, 3),
(50, 44, 6, 1750, 4),
(51, 44, 6, 1750, 4),
(52, 45, 4, 1550, 2),
(53, 45, 4, 1550, 2),
(54, 46, 6, 1250, 3),
(55, 46, 6, 1250, 3),
(56, 47, 1, 1550, 2),
(57, 47, 1, 1550, 2),
(58, 48, 5, 1800, 4),
(59, 48, 5, 1800, 4),
(60, 20, 3, 1850, 2),
(61, 20, 3, 1850, 2),
(62, 22, 6, 1050, 4),
(63, 22, 6, 1050, 4),
(64, 23, 4, 1800, 3),
(65, 23, 4, 1800, 3),
(66, 19, 3, 1300, 2),
(67, 19, 3, 1300, 2),
(68, 27, 2, 1900, 4),
(69, 27, 2, 1900, 4),
(70, 28, 4, 1900, 4),
(71, 28, 4, 1900, 4),
(72, 21, 1, 1150, 3),
(73, 21, 1, 1150, 3),
(74, 29, 1, 1500, 3),
(75, 29, 1, 1500, 3),
(76, 30, 6, 1050, 3),
(77, 30, 6, 1050, 3),
(78, 24, 6, 1350, 3),
(79, 24, 6, 1350, 3),
(80, 25, 5, 1600, 3),
(81, 25, 5, 1600, 3),
(82, 26, 5, 1900, 4),
(83, 26, 5, 1900, 4),
(84, 31, 4, 1650, 4),
(85, 31, 4, 1650, 4),
(86, 32, 3, 1400, 3),
(87, 32, 3, 1400, 3),
(88, 33, 3, 1150, 2),
(89, 33, 3, 1150, 2),
(90, 36, 3, 1100, 4),
(91, 36, 3, 1100, 4),
(92, 35, 3, 1450, 3),
(93, 35, 3, 1450, 3),
(94, 37, 2, 1500, 3),
(95, 37, 2, 1500, 3),
(96, 38, 6, 1350, 2),
(97, 38, 6, 1350, 2),
(98, 39, 6, 1400, 2),
(99, 39, 6, 1400, 2),
(100, 40, 4, 1700, 2),
(101, 40, 4, 1700, 2),
(102, 41, 1, 1450, 2),
(103, 41, 1, 1450, 2),
(104, 42, 3, 1250, 2),
(105, 42, 3, 1250, 2),
(106, 43, 5, 1300, 3),
(107, 43, 5, 1300, 3),
(108, 44, 1, 1200, 3),
(109, 44, 1, 1200, 3),
(110, 45, 4, 1750, 3),
(111, 45, 4, 1750, 3),
(112, 46, 3, 1350, 4),
(113, 46, 3, 1350, 4),
(114, 47, 3, 1050, 4),
(115, 47, 3, 1050, 4),
(116, 48, 3, 1300, 2),
(117, 48, 3, 1300, 2),
(118, 20, 5, 1600, 2),
(119, 20, 5, 1600, 2),
(120, 22, 2, 1550, 4),
(121, 22, 2, 1550, 4),
(122, 23, 1, 1450, 4),
(123, 23, 1, 1450, 4),
(124, 19, 3, 1100, 2),
(125, 19, 3, 1100, 2),
(126, 27, 6, 1200, 3),
(127, 27, 6, 1200, 3),
(128, 28, 3, 1350, 3),
(129, 28, 3, 1350, 3),
(130, 21, 3, 1700, 3),
(131, 21, 3, 1700, 3),
(132, 29, 3, 1950, 4),
(133, 29, 3, 1950, 4),
(134, 30, 2, 1100, 3),
(135, 30, 2, 1100, 3),
(136, 24, 2, 1550, 3),
(137, 24, 2, 1550, 3),
(138, 25, 2, 1150, 2),
(139, 25, 2, 1150, 2),
(140, 26, 4, 1550, 4),
(141, 26, 4, 1550, 4),
(142, 31, 3, 1550, 2),
(143, 31, 3, 1550, 2),
(144, 32, 4, 1950, 4),
(145, 32, 4, 1950, 4),
(146, 33, 6, 1900, 4),
(147, 33, 6, 1900, 4),
(148, 36, 5, 1650, 2),
(149, 36, 5, 1650, 2),
(150, 35, 2, 1300, 4),
(151, 35, 2, 1300, 4),
(152, 37, 3, 1950, 4),
(153, 37, 3, 1950, 4),
(154, 38, 1, 1400, 4),
(155, 38, 1, 1400, 4),
(156, 39, 1, 1400, 2),
(157, 39, 1, 1400, 2),
(158, 40, 1, 1650, 3),
(159, 40, 1, 1650, 3),
(160, 41, 1, 1450, 4),
(161, 41, 1, 1450, 4),
(162, 42, 5, 1700, 2),
(163, 42, 5, 1700, 2),
(164, 43, 5, 1450, 2),
(165, 43, 5, 1450, 2),
(166, 44, 6, 1400, 4),
(167, 44, 6, 1400, 4),
(168, 45, 6, 1950, 4),
(169, 45, 6, 1950, 4),
(170, 46, 5, 1300, 4),
(171, 46, 5, 1300, 4),
(172, 47, 2, 1950, 3),
(173, 47, 2, 1950, 3),
(174, 48, 1, 1800, 2),
(175, 48, 1, 1800, 2);

-- --------------------------------------------------------

--
-- Структура таблицы `states`
--

CREATE TABLE `states` (
  `id` int(11) NOT NULL,
  `state` varchar(32) NOT NULL,
  `country_id` int(11) NOT NULL,
  `flying` binary(1) NOT NULL DEFAULT '0',
  `is_resort` binary(1) NOT NULL DEFAULT '1'
) ENGINE=InnoDB DEFAULT CHARSET=utf8;

--
-- Дамп данных таблицы `states`
--

INSERT INTO `states` (`id`, `state`, `country_id`, `flying`, `is_resort`) VALUES
(15, 'Киев', 12, 0x31, 0x31),
(16, 'Одесса', 12, 0x31, 0x31),
(17, 'Бердянск', 12, 0x30, 0x31),
(18, 'Буковель', 12, 0x30, 0x31),
(19, 'Геническ', 12, 0x30, 0x31),
(20, 'Белек', 30, 0x30, 0x31),
(21, 'Римини', 31, 0x30, 0x31),
(23, 'Сан-Ремо', 31, 0x30, 0x31),
(24, 'Дахаб', 32, 0x30, 0x31),
(25, 'Хургада', 32, 0x30, 0x31),
(26, 'Сорренто', 31, 0x30, 0x31);

-- --------------------------------------------------------

--
-- Структура таблицы `transfers`
--

CREATE TABLE `transfers` (
  `id` int(11) NOT NULL,
  `price` int(11) DEFAULT NULL,
  `state1_id` int(11) DEFAULT NULL,
  `state2_id` int(11) DEFAULT NULL,
  `dispatch` date DEFAULT NULL
) ENGINE=InnoDB DEFAULT CHARSET=utf8;

--
-- Дамп данных таблицы `transfers`
--

INSERT INTO `transfers` (`id`, `price`, `state1_id`, `state2_id`, `dispatch`) VALUES
(1, 5100, 15, 25, '2020-06-07'),
(2, 5900, 15, 25, '2020-06-08'),
(3, 4700, 15, 25, '2020-06-09'),
(4, 5900, 15, 25, '2020-06-10'),
(5, 4800, 15, 25, '2020-06-11'),
(6, 5900, 15, 25, '2020-06-12'),
(7, 4100, 15, 25, '2020-06-13'),
(8, 4300, 15, 25, '2020-06-14'),
(9, 5900, 15, 25, '2020-06-15'),
(10, 4200, 15, 25, '2020-06-16'),
(11, 4600, 15, 25, '2020-06-17'),
(12, 4500, 15, 25, '2020-06-18'),
(13, 4400, 15, 25, '2020-06-19'),
(14, 5400, 15, 25, '2020-06-20'),
(15, 5800, 15, 25, '2020-06-21'),
(16, 4200, 15, 25, '2020-06-22'),
(17, 5700, 15, 25, '2020-06-23'),
(18, 4800, 15, 25, '2020-06-24'),
(19, 4400, 15, 25, '2020-06-25'),
(20, 4600, 15, 25, '2020-06-26'),
(21, 5800, 15, 25, '2020-06-27'),
(22, 4800, 15, 25, '2020-06-28'),
(23, 4100, 15, 25, '2020-06-29'),
(24, 5500, 15, 25, '2020-06-30'),
(25, 4000, 15, 25, '2020-07-01'),
(26, 5000, 15, 25, '2020-07-02'),
(27, 5700, 15, 25, '2020-07-03'),
(28, 5800, 15, 25, '2020-07-04'),
(29, 4500, 15, 25, '2020-07-05'),
(30, 5600, 15, 25, '2020-07-06'),
(31, 4600, 15, 25, '2020-07-07'),
(32, 5400, 15, 25, '2020-07-08'),
(33, 4400, 15, 25, '2020-07-09'),
(34, 4200, 15, 25, '2020-07-10'),
(35, 5800, 15, 25, '2020-07-11'),
(36, 5300, 15, 25, '2020-07-12'),
(37, 6000, 15, 25, '2020-07-13'),
(38, 5300, 15, 25, '2020-07-14'),
(39, 4800, 15, 25, '2020-07-15'),
(40, 5500, 15, 25, '2020-07-16'),
(41, 4300, 15, 25, '2020-07-17'),
(42, 4100, 15, 25, '2020-07-18'),
(43, 4300, 15, 25, '2020-07-19'),
(44, 4900, 15, 25, '2020-07-20'),
(45, 5800, 15, 25, '2020-07-21'),
(46, 5200, 15, 25, '2020-07-22'),
(47, 4100, 15, 25, '2020-07-23'),
(48, 5400, 15, 25, '2020-07-24'),
(49, 5400, 15, 25, '2020-07-25'),
(50, 4000, 15, 25, '2020-07-26'),
(51, 4900, 15, 25, '2020-07-27'),
(52, 6000, 15, 25, '2020-07-28'),
(53, 5400, 15, 25, '2020-07-29'),
(54, 5100, 15, 25, '2020-07-30'),
(55, 4100, 15, 25, '2020-07-31'),
(56, 4500, 15, 25, '2020-08-01'),
(57, 4900, 15, 25, '2020-08-02'),
(58, 5700, 15, 25, '2020-08-03'),
(59, 4800, 15, 25, '2020-08-04'),
(60, 6000, 15, 25, '2020-08-05'),
(61, 4200, 15, 25, '2020-08-06'),
(62, 4300, 15, 25, '2020-08-07'),
(63, 4300, 15, 25, '2020-08-08'),
(64, 4300, 15, 25, '2020-08-09'),
(65, 4500, 15, 25, '2020-08-10'),
(66, 4300, 15, 25, '2020-08-11'),
(67, 5600, 15, 25, '2020-08-12'),
(68, 4500, 15, 25, '2020-08-13'),
(69, 5900, 15, 25, '2020-08-14'),
(70, 4300, 15, 25, '2020-08-15'),
(71, 4200, 15, 25, '2020-08-16'),
(72, 4400, 15, 25, '2020-08-17'),
(73, 5700, 15, 25, '2020-08-18'),
(74, 5700, 15, 25, '2020-08-19'),
(75, 4900, 15, 25, '2020-08-20'),
(76, 5000, 15, 25, '2020-08-21'),
(77, 5900, 15, 25, '2020-08-22'),
(78, 4800, 15, 25, '2020-08-23'),
(79, 5300, 15, 25, '2020-08-24'),
(80, 4200, 15, 25, '2020-08-25'),
(81, 5900, 15, 25, '2020-08-26'),
(82, 5100, 15, 25, '2020-08-27'),
(83, 4000, 15, 25, '2020-08-28'),
(84, 5000, 15, 25, '2020-08-29'),
(85, 5700, 15, 25, '2020-08-30'),
(86, 5100, 15, 25, '2020-08-31'),
(87, 5000, 15, 25, '2020-09-01'),
(88, 5300, 15, 25, '2020-09-02'),
(89, 4500, 15, 25, '2020-09-03'),
(90, 4100, 15, 25, '2020-09-04'),
(91, 4600, 15, 25, '2020-09-05'),
(92, 4000, 15, 25, '2020-09-06'),
(93, 4700, 15, 25, '2020-09-07'),
(94, 4700, 15, 25, '2020-09-08'),
(95, 4800, 15, 25, '2020-09-09'),
(96, 5100, 15, 25, '2020-09-10'),
(97, 5300, 15, 25, '2020-09-11'),
(98, 4200, 15, 25, '2020-09-12'),
(99, 4100, 15, 25, '2020-09-13'),
(100, 5500, 15, 25, '2020-09-14'),
(101, 4800, 16, 25, '2020-06-07'),
(102, 4400, 16, 25, '2020-06-08'),
(103, 5000, 16, 25, '2020-06-09'),
(104, 4800, 16, 25, '2020-06-10'),
(105, 4900, 16, 25, '2020-06-11'),
(106, 4600, 16, 25, '2020-06-12'),
(107, 4200, 16, 25, '2020-06-13'),
(108, 5300, 16, 25, '2020-06-14'),
(109, 5400, 16, 25, '2020-06-15'),
(110, 5600, 16, 25, '2020-06-16'),
(111, 4400, 16, 25, '2020-06-17'),
(112, 5900, 16, 25, '2020-06-18'),
(113, 4800, 16, 25, '2020-06-19'),
(114, 4900, 16, 25, '2020-06-20'),
(115, 5300, 16, 25, '2020-06-21'),
(116, 5800, 16, 25, '2020-06-22'),
(117, 4600, 16, 25, '2020-06-23'),
(118, 5200, 16, 25, '2020-06-24'),
(119, 5800, 16, 25, '2020-06-25'),
(120, 5200, 16, 25, '2020-06-26'),
(121, 5100, 16, 25, '2020-06-27'),
(122, 4300, 16, 25, '2020-06-28'),
(123, 6000, 16, 25, '2020-06-29'),
(124, 5300, 16, 25, '2020-06-30'),
(125, 5900, 16, 25, '2020-07-01'),
(126, 4800, 16, 25, '2020-07-02'),
(127, 4600, 16, 25, '2020-07-03'),
(128, 4300, 16, 25, '2020-07-04'),
(129, 5300, 16, 25, '2020-07-05'),
(130, 4300, 16, 25, '2020-07-06'),
(131, 5900, 16, 25, '2020-07-07'),
(132, 5500, 16, 25, '2020-07-08'),
(133, 4800, 16, 25, '2020-07-09'),
(134, 5800, 16, 25, '2020-07-10'),
(135, 4500, 16, 25, '2020-07-11'),
(136, 4800, 16, 25, '2020-07-12'),
(137, 4800, 16, 25, '2020-07-13'),
(138, 4600, 16, 25, '2020-07-14'),
(139, 4500, 16, 25, '2020-07-15'),
(140, 5600, 16, 25, '2020-07-16'),
(141, 4800, 16, 25, '2020-07-17'),
(142, 5700, 16, 25, '2020-07-18'),
(143, 4800, 16, 25, '2020-07-19'),
(144, 4000, 16, 25, '2020-07-20'),
(145, 5200, 16, 25, '2020-07-21'),
(146, 4500, 16, 25, '2020-07-22'),
(147, 5400, 16, 25, '2020-07-23'),
(148, 5300, 16, 25, '2020-07-24'),
(149, 5500, 16, 25, '2020-07-25'),
(150, 6000, 16, 25, '2020-07-26'),
(151, 5200, 16, 25, '2020-07-27'),
(152, 5600, 16, 25, '2020-07-28'),
(153, 6000, 16, 25, '2020-07-29'),
(154, 5700, 16, 25, '2020-07-30'),
(155, 4000, 16, 25, '2020-07-31'),
(156, 4000, 16, 25, '2020-08-01'),
(157, 4100, 16, 25, '2020-08-02'),
(158, 4200, 16, 25, '2020-08-03'),
(159, 5000, 16, 25, '2020-08-04'),
(160, 4900, 16, 25, '2020-08-05'),
(161, 4500, 16, 25, '2020-08-06'),
(162, 5400, 16, 25, '2020-08-07'),
(163, 5900, 16, 25, '2020-08-08'),
(164, 5400, 16, 25, '2020-08-09'),
(165, 4500, 16, 25, '2020-08-10'),
(166, 5900, 16, 25, '2020-08-11'),
(167, 5800, 16, 25, '2020-08-12'),
(168, 5600, 16, 25, '2020-08-13'),
(169, 4500, 16, 25, '2020-08-14'),
(170, 5400, 16, 25, '2020-08-15'),
(171, 4500, 16, 25, '2020-08-16'),
(172, 4700, 16, 25, '2020-08-17'),
(173, 6000, 16, 25, '2020-08-18'),
(174, 4500, 16, 25, '2020-08-19'),
(175, 5000, 16, 25, '2020-08-20'),
(176, 5000, 16, 25, '2020-08-21'),
(177, 5300, 16, 25, '2020-08-22'),
(178, 5000, 16, 25, '2020-08-23'),
(179, 5300, 16, 25, '2020-08-24'),
(180, 5600, 16, 25, '2020-08-25'),
(181, 4000, 16, 25, '2020-08-26'),
(182, 5500, 16, 25, '2020-08-27'),
(183, 4300, 16, 25, '2020-08-28'),
(184, 4700, 16, 25, '2020-08-29'),
(185, 4500, 16, 25, '2020-08-30'),
(186, 5800, 16, 25, '2020-08-31'),
(187, 5900, 16, 25, '2020-09-01'),
(188, 5500, 16, 25, '2020-09-02'),
(189, 4200, 16, 25, '2020-09-03'),
(190, 4400, 16, 25, '2020-09-04'),
(191, 5100, 16, 25, '2020-09-05'),
(192, 4200, 16, 25, '2020-09-06'),
(193, 5600, 16, 25, '2020-09-07'),
(194, 5200, 16, 25, '2020-09-08'),
(195, 5700, 16, 25, '2020-09-09'),
(196, 6000, 16, 25, '2020-09-10'),
(197, 6000, 16, 25, '2020-09-11'),
(198, 4800, 16, 25, '2020-09-12'),
(199, 4800, 16, 25, '2020-09-13'),
(200, 5000, 16, 25, '2020-09-14'),
(201, 5900, 25, 15, '2020-06-07'),
(202, 5300, 25, 15, '2020-06-08'),
(203, 6000, 25, 15, '2020-06-09'),
(204, 5200, 25, 15, '2020-06-10'),
(205, 5900, 25, 15, '2020-06-11'),
(206, 5300, 25, 15, '2020-06-12'),
(207, 5300, 25, 15, '2020-06-13'),
(208, 5200, 25, 15, '2020-06-14'),
(209, 5500, 25, 15, '2020-06-15'),
(210, 5300, 25, 15, '2020-06-16'),
(211, 4200, 25, 15, '2020-06-17'),
(212, 4100, 25, 15, '2020-06-18'),
(213, 4100, 25, 15, '2020-06-19'),
(214, 4100, 25, 15, '2020-06-20'),
(215, 5600, 25, 15, '2020-06-21'),
(216, 4400, 25, 15, '2020-06-22'),
(217, 4300, 25, 15, '2020-06-23'),
(218, 5400, 25, 15, '2020-06-24'),
(219, 5300, 25, 15, '2020-06-25'),
(220, 5200, 25, 15, '2020-06-26'),
(221, 5500, 25, 15, '2020-06-27'),
(222, 5900, 25, 15, '2020-06-28'),
(223, 4200, 25, 15, '2020-06-29'),
(224, 4600, 25, 15, '2020-06-30'),
(225, 4000, 25, 15, '2020-07-01'),
(226, 5200, 25, 15, '2020-07-02'),
(227, 4500, 25, 15, '2020-07-03'),
(228, 5800, 25, 15, '2020-07-04'),
(229, 5500, 25, 15, '2020-07-05'),
(230, 4000, 25, 15, '2020-07-06'),
(231, 5000, 25, 15, '2020-07-07'),
(232, 5000, 25, 15, '2020-07-08'),
(233, 4200, 25, 15, '2020-07-09'),
(234, 4100, 25, 15, '2020-07-10'),
(235, 5500, 25, 15, '2020-07-11'),
(236, 5400, 25, 15, '2020-07-12'),
(237, 5600, 25, 15, '2020-07-13'),
(238, 4200, 25, 15, '2020-07-14'),
(239, 5100, 25, 15, '2020-07-15'),
(240, 5200, 25, 15, '2020-07-16'),
(241, 4100, 25, 15, '2020-07-17'),
(242, 5900, 25, 15, '2020-07-18'),
(243, 5800, 25, 15, '2020-07-19'),
(244, 5600, 25, 15, '2020-07-20'),
(245, 5400, 25, 15, '2020-07-21'),
(246, 5800, 25, 15, '2020-07-22'),
(247, 4300, 25, 15, '2020-07-23'),
(248, 4700, 25, 15, '2020-07-24'),
(249, 5500, 25, 15, '2020-07-25'),
(250, 5700, 25, 15, '2020-07-26'),
(251, 4700, 25, 15, '2020-07-27'),
(252, 5800, 25, 15, '2020-07-28'),
(253, 4100, 25, 15, '2020-07-29'),
(254, 4200, 25, 15, '2020-07-30'),
(255, 6000, 25, 15, '2020-07-31'),
(256, 5000, 25, 15, '2020-08-01'),
(257, 5700, 25, 15, '2020-08-02'),
(258, 5100, 25, 15, '2020-08-03'),
(259, 6000, 25, 15, '2020-08-04'),
(260, 5600, 25, 15, '2020-08-05'),
(261, 5600, 25, 15, '2020-08-06'),
(262, 5100, 25, 15, '2020-08-07'),
(263, 5600, 25, 15, '2020-08-08'),
(264, 5600, 25, 15, '2020-08-09'),
(265, 4200, 25, 15, '2020-08-10'),
(266, 5800, 25, 15, '2020-08-11'),
(267, 4900, 25, 15, '2020-08-12'),
(268, 4300, 25, 15, '2020-08-13'),
(269, 5200, 25, 15, '2020-08-14'),
(270, 5900, 25, 15, '2020-08-15'),
(271, 4700, 25, 15, '2020-08-16'),
(272, 4000, 25, 15, '2020-08-17'),
(273, 4700, 25, 15, '2020-08-18'),
(274, 5100, 25, 15, '2020-08-19'),
(275, 5100, 25, 15, '2020-08-20'),
(276, 5800, 25, 15, '2020-08-21'),
(277, 4300, 25, 15, '2020-08-22'),
(278, 4100, 25, 15, '2020-08-23'),
(279, 4800, 25, 15, '2020-08-24'),
(280, 5700, 25, 15, '2020-08-25'),
(281, 4400, 25, 15, '2020-08-26'),
(282, 4600, 25, 15, '2020-08-27'),
(283, 6000, 25, 15, '2020-08-28'),
(284, 5100, 25, 15, '2020-08-29'),
(285, 4500, 25, 15, '2020-08-30'),
(286, 5300, 25, 15, '2020-08-31'),
(287, 5400, 25, 15, '2020-09-01'),
(288, 4200, 25, 15, '2020-09-02'),
(289, 5100, 25, 15, '2020-09-03'),
(290, 5800, 25, 15, '2020-09-04'),
(291, 5100, 25, 15, '2020-09-05'),
(292, 4000, 25, 15, '2020-09-06'),
(293, 5500, 25, 15, '2020-09-07'),
(294, 4800, 25, 15, '2020-09-08'),
(295, 6000, 25, 15, '2020-09-09'),
(296, 5000, 25, 15, '2020-09-10'),
(297, 4000, 25, 15, '2020-09-11'),
(298, 4100, 25, 15, '2020-09-12'),
(299, 6000, 25, 15, '2020-09-13'),
(300, 4000, 25, 15, '2020-09-14'),
(301, 6000, 25, 16, '2020-06-07'),
(302, 4800, 25, 16, '2020-06-08'),
(303, 4200, 25, 16, '2020-06-09'),
(304, 4500, 25, 16, '2020-06-10'),
(305, 4900, 25, 16, '2020-06-11'),
(306, 4000, 25, 16, '2020-06-12'),
(307, 5000, 25, 16, '2020-06-13'),
(308, 4600, 25, 16, '2020-06-14'),
(309, 5200, 25, 16, '2020-06-15'),
(310, 4100, 25, 16, '2020-06-16'),
(311, 5000, 25, 16, '2020-06-17'),
(312, 4600, 25, 16, '2020-06-18'),
(313, 4300, 25, 16, '2020-06-19'),
(314, 5800, 25, 16, '2020-06-20'),
(315, 5200, 25, 16, '2020-06-21'),
(316, 4500, 25, 16, '2020-06-22'),
(317, 4800, 25, 16, '2020-06-23'),
(318, 4600, 25, 16, '2020-06-24'),
(319, 5500, 25, 16, '2020-06-25'),
(320, 5700, 25, 16, '2020-06-26'),
(321, 6000, 25, 16, '2020-06-27'),
(322, 5400, 25, 16, '2020-06-28'),
(323, 4900, 25, 16, '2020-06-29'),
(324, 4200, 25, 16, '2020-06-30'),
(325, 4300, 25, 16, '2020-07-01'),
(326, 5800, 25, 16, '2020-07-02'),
(327, 5300, 25, 16, '2020-07-03'),
(328, 5400, 25, 16, '2020-07-04'),
(329, 5200, 25, 16, '2020-07-05'),
(330, 4400, 25, 16, '2020-07-06'),
(331, 5600, 25, 16, '2020-07-07'),
(332, 5300, 25, 16, '2020-07-08'),
(333, 5100, 25, 16, '2020-07-09'),
(334, 5100, 25, 16, '2020-07-10'),
(335, 5800, 25, 16, '2020-07-11'),
(336, 5100, 25, 16, '2020-07-12'),
(337, 5500, 25, 16, '2020-07-13'),
(338, 4300, 25, 16, '2020-07-14'),
(339, 4700, 25, 16, '2020-07-15'),
(340, 5100, 25, 16, '2020-07-16'),
(341, 4800, 25, 16, '2020-07-17'),
(342, 4000, 25, 16, '2020-07-18'),
(343, 4400, 25, 16, '2020-07-19'),
(344, 4300, 25, 16, '2020-07-20'),
(345, 4400, 25, 16, '2020-07-21'),
(346, 4700, 25, 16, '2020-07-22'),
(347, 5900, 25, 16, '2020-07-23'),
(348, 5200, 25, 16, '2020-07-24'),
(349, 4900, 25, 16, '2020-07-25'),
(350, 4200, 25, 16, '2020-07-26'),
(351, 4900, 25, 16, '2020-07-27'),
(352, 4700, 25, 16, '2020-07-28'),
(353, 5500, 25, 16, '2020-07-29'),
(354, 5100, 25, 16, '2020-07-30'),
(355, 4400, 25, 16, '2020-07-31'),
(356, 5100, 25, 16, '2020-08-01'),
(357, 4800, 25, 16, '2020-08-02'),
(358, 5000, 25, 16, '2020-08-03'),
(359, 4500, 25, 16, '2020-08-04'),
(360, 5500, 25, 16, '2020-08-05'),
(361, 4100, 25, 16, '2020-08-06'),
(362, 4800, 25, 16, '2020-08-07'),
(363, 4000, 25, 16, '2020-08-08'),
(364, 4200, 25, 16, '2020-08-09'),
(365, 4000, 25, 16, '2020-08-10'),
(366, 4000, 25, 16, '2020-08-11'),
(367, 4900, 25, 16, '2020-08-12'),
(368, 4400, 25, 16, '2020-08-13'),
(369, 6000, 25, 16, '2020-08-14'),
(370, 5500, 25, 16, '2020-08-15'),
(371, 4100, 25, 16, '2020-08-16'),
(372, 4200, 25, 16, '2020-08-17'),
(373, 4200, 25, 16, '2020-08-18'),
(374, 4700, 25, 16, '2020-08-19'),
(375, 5600, 25, 16, '2020-08-20'),
(376, 4900, 25, 16, '2020-08-21'),
(377, 4300, 25, 16, '2020-08-22'),
(378, 4500, 25, 16, '2020-08-23'),
(379, 4200, 25, 16, '2020-08-24'),
(380, 4500, 25, 16, '2020-08-25'),
(381, 4700, 25, 16, '2020-08-26'),
(382, 4500, 25, 16, '2020-08-27'),
(383, 6000, 25, 16, '2020-08-28'),
(384, 4300, 25, 16, '2020-08-29'),
(385, 4800, 25, 16, '2020-08-30'),
(386, 5500, 25, 16, '2020-08-31'),
(387, 5800, 25, 16, '2020-09-01'),
(388, 4600, 25, 16, '2020-09-02'),
(389, 5000, 25, 16, '2020-09-03'),
(390, 5100, 25, 16, '2020-09-04'),
(391, 5600, 25, 16, '2020-09-05'),
(392, 4400, 25, 16, '2020-09-06'),
(393, 4900, 25, 16, '2020-09-07'),
(394, 6000, 25, 16, '2020-09-08'),
(395, 4300, 25, 16, '2020-09-09'),
(396, 6000, 25, 16, '2020-09-10'),
(397, 4700, 25, 16, '2020-09-11'),
(398, 5800, 25, 16, '2020-09-12'),
(399, 6000, 25, 16, '2020-09-13'),
(400, 4500, 25, 16, '2020-09-14'),
(401, 5300, 15, 24, '2020-06-07'),
(402, 5400, 15, 24, '2020-06-08'),
(403, 4100, 15, 24, '2020-06-09'),
(404, 5300, 15, 24, '2020-06-10'),
(405, 4100, 15, 24, '2020-06-11'),
(406, 4500, 15, 24, '2020-06-12'),
(407, 4100, 15, 24, '2020-06-13'),
(408, 5900, 15, 24, '2020-06-14'),
(409, 5000, 15, 24, '2020-06-15'),
(410, 4300, 15, 24, '2020-06-16'),
(411, 4600, 15, 24, '2020-06-17'),
(412, 4200, 15, 24, '2020-06-18'),
(413, 5700, 15, 24, '2020-06-19'),
(414, 4800, 15, 24, '2020-06-20'),
(415, 4800, 15, 24, '2020-06-21'),
(416, 5900, 15, 24, '2020-06-22'),
(417, 4700, 15, 24, '2020-06-23'),
(418, 4800, 15, 24, '2020-06-24'),
(419, 4900, 15, 24, '2020-06-25'),
(420, 5000, 15, 24, '2020-06-26'),
(421, 5900, 15, 24, '2020-06-27'),
(422, 4300, 15, 24, '2020-06-28'),
(423, 4000, 15, 24, '2020-06-29'),
(424, 5400, 15, 24, '2020-06-30'),
(425, 5800, 15, 24, '2020-07-01'),
(426, 4300, 15, 24, '2020-07-02'),
(427, 4500, 15, 24, '2020-07-03'),
(428, 5200, 15, 24, '2020-07-04'),
(429, 4200, 15, 24, '2020-07-05'),
(430, 4600, 15, 24, '2020-07-06'),
(431, 5400, 15, 24, '2020-07-07'),
(432, 6000, 15, 24, '2020-07-08'),
(433, 5900, 15, 24, '2020-07-09'),
(434, 4300, 15, 24, '2020-07-10'),
(435, 4800, 15, 24, '2020-07-11'),
(436, 4100, 15, 24, '2020-07-12'),
(437, 4200, 15, 24, '2020-07-13'),
(438, 5200, 15, 24, '2020-07-14'),
(439, 4100, 15, 24, '2020-07-15'),
(440, 5200, 15, 24, '2020-07-16'),
(441, 4200, 15, 24, '2020-07-17'),
(442, 4200, 15, 24, '2020-07-18'),
(443, 5500, 15, 24, '2020-07-19'),
(444, 5600, 15, 24, '2020-07-20'),
(445, 5500, 15, 24, '2020-07-21'),
(446, 5500, 15, 24, '2020-07-22'),
(447, 4000, 15, 24, '2020-07-23'),
(448, 4600, 15, 24, '2020-07-24'),
(449, 4600, 15, 24, '2020-07-25'),
(450, 5700, 15, 24, '2020-07-26'),
(451, 6000, 15, 24, '2020-07-27'),
(452, 4800, 15, 24, '2020-07-28'),
(453, 5400, 15, 24, '2020-07-29'),
(454, 4900, 15, 24, '2020-07-30'),
(455, 4400, 15, 24, '2020-07-31'),
(456, 5600, 15, 24, '2020-08-01'),
(457, 4400, 15, 24, '2020-08-02'),
(458, 4100, 15, 24, '2020-08-03'),
(459, 5800, 15, 24, '2020-08-04'),
(460, 5400, 15, 24, '2020-08-05'),
(461, 5500, 15, 24, '2020-08-06'),
(462, 5200, 15, 24, '2020-08-07'),
(463, 4900, 15, 24, '2020-08-08'),
(464, 5700, 15, 24, '2020-08-09'),
(465, 5200, 15, 24, '2020-08-10'),
(466, 5000, 15, 24, '2020-08-11'),
(467, 4200, 15, 24, '2020-08-12'),
(468, 4800, 15, 24, '2020-08-13'),
(469, 5200, 15, 24, '2020-08-14'),
(470, 5600, 15, 24, '2020-08-15'),
(471, 4900, 15, 24, '2020-08-16'),
(472, 4300, 15, 24, '2020-08-17'),
(473, 4200, 15, 24, '2020-08-18'),
(474, 5900, 15, 24, '2020-08-19'),
(475, 5100, 15, 24, '2020-08-20'),
(476, 4600, 15, 24, '2020-08-21'),
(477, 4100, 15, 24, '2020-08-22'),
(478, 5800, 15, 24, '2020-08-23'),
(479, 4000, 15, 24, '2020-08-24'),
(480, 5100, 15, 24, '2020-08-25'),
(481, 5400, 15, 24, '2020-08-26'),
(482, 4200, 15, 24, '2020-08-27'),
(483, 5800, 15, 24, '2020-08-28'),
(484, 4200, 15, 24, '2020-08-29'),
(485, 5700, 15, 24, '2020-08-30'),
(486, 5200, 15, 24, '2020-08-31'),
(487, 5600, 15, 24, '2020-09-01'),
(488, 5600, 15, 24, '2020-09-02'),
(489, 5900, 15, 24, '2020-09-03'),
(490, 5600, 15, 24, '2020-09-04'),
(491, 5700, 15, 24, '2020-09-05'),
(492, 5300, 15, 24, '2020-09-06'),
(493, 5400, 15, 24, '2020-09-07'),
(494, 5400, 15, 24, '2020-09-08'),
(495, 5300, 15, 24, '2020-09-09'),
(496, 5000, 15, 24, '2020-09-10'),
(497, 5200, 15, 24, '2020-09-11'),
(498, 5500, 15, 24, '2020-09-12'),
(499, 4400, 15, 24, '2020-09-13'),
(500, 5200, 15, 24, '2020-09-14'),
(501, 4800, 24, 15, '2020-06-07'),
(502, 5800, 24, 15, '2020-06-08'),
(503, 4400, 24, 15, '2020-06-09'),
(504, 5200, 24, 15, '2020-06-10'),
(505, 5000, 24, 15, '2020-06-11'),
(506, 5300, 24, 15, '2020-06-12'),
(507, 5500, 24, 15, '2020-06-13'),
(508, 5400, 24, 15, '2020-06-14'),
(509, 5500, 24, 15, '2020-06-15'),
(510, 5900, 24, 15, '2020-06-16'),
(511, 4700, 24, 15, '2020-06-17'),
(512, 5400, 24, 15, '2020-06-18'),
(513, 4800, 24, 15, '2020-06-19'),
(514, 4600, 24, 15, '2020-06-20'),
(515, 4300, 24, 15, '2020-06-21'),
(516, 5600, 24, 15, '2020-06-22'),
(517, 4700, 24, 15, '2020-06-23'),
(518, 5300, 24, 15, '2020-06-24'),
(519, 5500, 24, 15, '2020-06-25'),
(520, 5300, 24, 15, '2020-06-26'),
(521, 6000, 24, 15, '2020-06-27'),
(522, 4900, 24, 15, '2020-06-28'),
(523, 4400, 24, 15, '2020-06-29'),
(524, 5000, 24, 15, '2020-06-30'),
(525, 4100, 24, 15, '2020-07-01'),
(526, 5400, 24, 15, '2020-07-02'),
(527, 4300, 24, 15, '2020-07-03'),
(528, 4200, 24, 15, '2020-07-04'),
(529, 4000, 24, 15, '2020-07-05'),
(530, 5700, 24, 15, '2020-07-06'),
(531, 5400, 24, 15, '2020-07-07'),
(532, 5300, 24, 15, '2020-07-08'),
(533, 5300, 24, 15, '2020-07-09'),
(534, 5700, 24, 15, '2020-07-10'),
(535, 4700, 24, 15, '2020-07-11'),
(536, 5800, 24, 15, '2020-07-12'),
(537, 4500, 24, 15, '2020-07-13'),
(538, 4400, 24, 15, '2020-07-14'),
(539, 4600, 24, 15, '2020-07-15'),
(540, 6000, 24, 15, '2020-07-16'),
(541, 5600, 24, 15, '2020-07-17'),
(542, 5800, 24, 15, '2020-07-18'),
(543, 4100, 24, 15, '2020-07-19'),
(544, 5500, 24, 15, '2020-07-20'),
(545, 5000, 24, 15, '2020-07-21'),
(546, 4600, 24, 15, '2020-07-22'),
(547, 5700, 24, 15, '2020-07-23'),
(548, 4500, 24, 15, '2020-07-24'),
(549, 4500, 24, 15, '2020-07-25'),
(550, 5100, 24, 15, '2020-07-26'),
(551, 4100, 24, 15, '2020-07-27'),
(552, 4700, 24, 15, '2020-07-28'),
(553, 4800, 24, 15, '2020-07-29'),
(554, 5900, 24, 15, '2020-07-30'),
(555, 6000, 24, 15, '2020-07-31'),
(556, 4400, 24, 15, '2020-08-01'),
(557, 5700, 24, 15, '2020-08-02'),
(558, 5100, 24, 15, '2020-08-03'),
(559, 4100, 24, 15, '2020-08-04'),
(560, 5100, 24, 15, '2020-08-05'),
(561, 5600, 24, 15, '2020-08-06'),
(562, 5600, 24, 15, '2020-08-07'),
(563, 5100, 24, 15, '2020-08-08'),
(564, 5200, 24, 15, '2020-08-09'),
(565, 4400, 24, 15, '2020-08-10'),
(566, 5400, 24, 15, '2020-08-11'),
(567, 5800, 24, 15, '2020-08-12'),
(568, 4100, 24, 15, '2020-08-13'),
(569, 4800, 24, 15, '2020-08-14'),
(570, 5300, 24, 15, '2020-08-15'),
(571, 4400, 24, 15, '2020-08-16'),
(572, 4300, 24, 15, '2020-08-17'),
(573, 4400, 24, 15, '2020-08-18'),
(574, 5400, 24, 15, '2020-08-19'),
(575, 4300, 24, 15, '2020-08-20'),
(576, 5200, 24, 15, '2020-08-21'),
(577, 6000, 24, 15, '2020-08-22'),
(578, 4500, 24, 15, '2020-08-23'),
(579, 5700, 24, 15, '2020-08-24'),
(580, 5300, 24, 15, '2020-08-25'),
(581, 5000, 24, 15, '2020-08-26'),
(582, 4600, 24, 15, '2020-08-27'),
(583, 5600, 24, 15, '2020-08-28'),
(584, 6000, 24, 15, '2020-08-29'),
(585, 4400, 24, 15, '2020-08-30'),
(586, 4600, 24, 15, '2020-08-31'),
(587, 4100, 24, 15, '2020-09-01'),
(588, 5600, 24, 15, '2020-09-02'),
(589, 5900, 24, 15, '2020-09-03'),
(590, 4600, 24, 15, '2020-09-04'),
(591, 4800, 24, 15, '2020-09-05'),
(592, 5800, 24, 15, '2020-09-06'),
(593, 6000, 24, 15, '2020-09-07'),
(594, 5300, 24, 15, '2020-09-08'),
(595, 5500, 24, 15, '2020-09-09'),
(596, 4800, 24, 15, '2020-09-10'),
(597, 4300, 24, 15, '2020-09-11'),
(598, 4800, 24, 15, '2020-09-12'),
(599, 5600, 24, 15, '2020-09-13'),
(600, 4200, 24, 15, '2020-09-14'),
(601, 4400, 16, 24, '2020-06-07'),
(602, 5300, 16, 24, '2020-06-08'),
(603, 4100, 16, 24, '2020-06-09'),
(604, 5000, 16, 24, '2020-06-10'),
(605, 5000, 16, 24, '2020-06-11'),
(606, 4600, 16, 24, '2020-06-12'),
(607, 4400, 16, 24, '2020-06-13'),
(608, 4100, 16, 24, '2020-06-14'),
(609, 4400, 16, 24, '2020-06-15'),
(610, 5500, 16, 24, '2020-06-16'),
(611, 4800, 16, 24, '2020-06-17'),
(612, 5400, 16, 24, '2020-06-18'),
(613, 5100, 16, 24, '2020-06-19'),
(614, 5600, 16, 24, '2020-06-20'),
(615, 5400, 16, 24, '2020-06-21'),
(616, 5800, 16, 24, '2020-06-22'),
(617, 4500, 16, 24, '2020-06-23'),
(618, 5600, 16, 24, '2020-06-24'),
(619, 5000, 16, 24, '2020-06-25'),
(620, 5600, 16, 24, '2020-06-26'),
(621, 5100, 16, 24, '2020-06-27'),
(622, 5200, 16, 24, '2020-06-28'),
(623, 5700, 16, 24, '2020-06-29'),
(624, 6000, 16, 24, '2020-06-30'),
(625, 4200, 16, 24, '2020-07-01'),
(626, 5100, 16, 24, '2020-07-02'),
(627, 4100, 16, 24, '2020-07-03'),
(628, 5100, 16, 24, '2020-07-04'),
(629, 4400, 16, 24, '2020-07-05'),
(630, 5000, 16, 24, '2020-07-06'),
(631, 4600, 16, 24, '2020-07-07'),
(632, 4100, 16, 24, '2020-07-08'),
(633, 5000, 16, 24, '2020-07-09'),
(634, 5600, 16, 24, '2020-07-10'),
(635, 5900, 16, 24, '2020-07-11'),
(636, 5400, 16, 24, '2020-07-12'),
(637, 4600, 16, 24, '2020-07-13'),
(638, 4500, 16, 24, '2020-07-14'),
(639, 5900, 16, 24, '2020-07-15'),
(640, 6000, 16, 24, '2020-07-16'),
(641, 4400, 16, 24, '2020-07-17'),
(642, 4400, 16, 24, '2020-07-18'),
(643, 5500, 16, 24, '2020-07-19'),
(644, 6000, 16, 24, '2020-07-20'),
(645, 5100, 16, 24, '2020-07-21'),
(646, 5200, 16, 24, '2020-07-22'),
(647, 4700, 16, 24, '2020-07-23'),
(648, 4700, 16, 24, '2020-07-24'),
(649, 4000, 16, 24, '2020-07-25'),
(650, 5300, 16, 24, '2020-07-26'),
(651, 4600, 16, 24, '2020-07-27'),
(652, 4400, 16, 24, '2020-07-28'),
(653, 5600, 16, 24, '2020-07-29'),
(654, 4500, 16, 24, '2020-07-30'),
(655, 4900, 16, 24, '2020-07-31'),
(656, 4100, 16, 24, '2020-08-01'),
(657, 5200, 16, 24, '2020-08-02'),
(658, 5500, 16, 24, '2020-08-03'),
(659, 4700, 16, 24, '2020-08-04'),
(660, 4000, 16, 24, '2020-08-05'),
(661, 5300, 16, 24, '2020-08-06'),
(662, 6000, 16, 24, '2020-08-07'),
(663, 5900, 16, 24, '2020-08-08'),
(664, 5500, 16, 24, '2020-08-09'),
(665, 5500, 16, 24, '2020-08-10'),
(666, 4600, 16, 24, '2020-08-11'),
(667, 5300, 16, 24, '2020-08-12'),
(668, 4500, 16, 24, '2020-08-13'),
(669, 6000, 16, 24, '2020-08-14'),
(670, 5200, 16, 24, '2020-08-15'),
(671, 5000, 16, 24, '2020-08-16'),
(672, 4400, 16, 24, '2020-08-17'),
(673, 4300, 16, 24, '2020-08-18'),
(674, 4200, 16, 24, '2020-08-19'),
(675, 5900, 16, 24, '2020-08-20'),
(676, 5400, 16, 24, '2020-08-21'),
(677, 4900, 16, 24, '2020-08-22'),
(678, 5500, 16, 24, '2020-08-23'),
(679, 5900, 16, 24, '2020-08-24'),
(680, 4400, 16, 24, '2020-08-25'),
(681, 5300, 16, 24, '2020-08-26'),
(682, 5700, 16, 24, '2020-08-27'),
(683, 6000, 16, 24, '2020-08-28'),
(684, 6000, 16, 24, '2020-08-29'),
(685, 5800, 16, 24, '2020-08-30'),
(686, 4500, 16, 24, '2020-08-31'),
(687, 6000, 16, 24, '2020-09-01'),
(688, 5000, 16, 24, '2020-09-02'),
(689, 5900, 16, 24, '2020-09-03'),
(690, 4600, 16, 24, '2020-09-04'),
(691, 5000, 16, 24, '2020-09-05'),
(692, 5900, 16, 24, '2020-09-06'),
(693, 4000, 16, 24, '2020-09-07'),
(694, 5700, 16, 24, '2020-09-08'),
(695, 4800, 16, 24, '2020-09-09'),
(696, 5600, 16, 24, '2020-09-10'),
(697, 5600, 16, 24, '2020-09-11'),
(698, 4400, 16, 24, '2020-09-12'),
(699, 4500, 16, 24, '2020-09-13'),
(700, 4500, 16, 24, '2020-09-14'),
(701, 5100, 24, 16, '2020-06-07'),
(702, 4500, 24, 16, '2020-06-08'),
(703, 5900, 24, 16, '2020-06-09'),
(704, 5800, 24, 16, '2020-06-10'),
(705, 6000, 24, 16, '2020-06-11'),
(706, 4700, 24, 16, '2020-06-12'),
(707, 6000, 24, 16, '2020-06-13'),
(708, 5500, 24, 16, '2020-06-14'),
(709, 4500, 24, 16, '2020-06-15'),
(710, 4600, 24, 16, '2020-06-16'),
(711, 4700, 24, 16, '2020-06-17'),
(712, 4900, 24, 16, '2020-06-18'),
(713, 4300, 24, 16, '2020-06-19'),
(714, 4900, 24, 16, '2020-06-20'),
(715, 5000, 24, 16, '2020-06-21'),
(716, 4200, 24, 16, '2020-06-22'),
(717, 5800, 24, 16, '2020-06-23'),
(718, 5300, 24, 16, '2020-06-24'),
(719, 4800, 24, 16, '2020-06-25'),
(720, 4600, 24, 16, '2020-06-26'),
(721, 4300, 24, 16, '2020-06-27'),
(722, 4500, 24, 16, '2020-06-28'),
(723, 5000, 24, 16, '2020-06-29'),
(724, 4300, 24, 16, '2020-06-30'),
(725, 4400, 24, 16, '2020-07-01'),
(726, 4100, 24, 16, '2020-07-02'),
(727, 5600, 24, 16, '2020-07-03'),
(728, 4400, 24, 16, '2020-07-04'),
(729, 5500, 24, 16, '2020-07-05'),
(730, 5000, 24, 16, '2020-07-06'),
(731, 5500, 24, 16, '2020-07-07'),
(732, 5200, 24, 16, '2020-07-08'),
(733, 6000, 24, 16, '2020-07-09'),
(734, 4700, 24, 16, '2020-07-10'),
(735, 4500, 24, 16, '2020-07-11'),
(736, 5800, 24, 16, '2020-07-12'),
(737, 5300, 24, 16, '2020-07-13'),
(738, 6000, 24, 16, '2020-07-14'),
(739, 5900, 24, 16, '2020-07-15'),
(740, 4300, 24, 16, '2020-07-16'),
(741, 5900, 24, 16, '2020-07-17'),
(742, 4400, 24, 16, '2020-07-18'),
(743, 5300, 24, 16, '2020-07-19'),
(744, 4100, 24, 16, '2020-07-20'),
(745, 5100, 24, 16, '2020-07-21'),
(746, 4800, 24, 16, '2020-07-22'),
(747, 5900, 24, 16, '2020-07-23'),
(748, 5300, 24, 16, '2020-07-24'),
(749, 5600, 24, 16, '2020-07-25'),
(750, 4800, 24, 16, '2020-07-26'),
(751, 5300, 24, 16, '2020-07-27'),
(752, 5000, 24, 16, '2020-07-28'),
(753, 4600, 24, 16, '2020-07-29'),
(754, 5100, 24, 16, '2020-07-30'),
(755, 4700, 24, 16, '2020-07-31'),
(756, 5600, 24, 16, '2020-08-01'),
(757, 4600, 24, 16, '2020-08-02'),
(758, 5400, 24, 16, '2020-08-03'),
(759, 4000, 24, 16, '2020-08-04'),
(760, 4000, 24, 16, '2020-08-05'),
(761, 5200, 24, 16, '2020-08-06'),
(762, 4300, 24, 16, '2020-08-07'),
(763, 4100, 24, 16, '2020-08-08'),
(764, 4600, 24, 16, '2020-08-09'),
(765, 4600, 24, 16, '2020-08-10'),
(766, 5700, 24, 16, '2020-08-11'),
(767, 5000, 24, 16, '2020-08-12'),
(768, 4500, 24, 16, '2020-08-13'),
(769, 4300, 24, 16, '2020-08-14'),
(770, 6000, 24, 16, '2020-08-15'),
(771, 5600, 24, 16, '2020-08-16'),
(772, 6000, 24, 16, '2020-08-17'),
(773, 4900, 24, 16, '2020-08-18'),
(774, 5100, 24, 16, '2020-08-19'),
(775, 5700, 24, 16, '2020-08-20'),
(776, 4000, 24, 16, '2020-08-21'),
(777, 5700, 24, 16, '2020-08-22'),
(778, 5600, 24, 16, '2020-08-23'),
(779, 4400, 24, 16, '2020-08-24'),
(780, 5100, 24, 16, '2020-08-25'),
(781, 5000, 24, 16, '2020-08-26'),
(782, 5100, 24, 16, '2020-08-27'),
(783, 5600, 24, 16, '2020-08-28'),
(784, 4100, 24, 16, '2020-08-29'),
(785, 4500, 24, 16, '2020-08-30'),
(786, 4500, 24, 16, '2020-08-31'),
(787, 4200, 24, 16, '2020-09-01'),
(788, 5600, 24, 16, '2020-09-02'),
(789, 4500, 24, 16, '2020-09-03'),
(790, 5400, 24, 16, '2020-09-04'),
(791, 4200, 24, 16, '2020-09-05'),
(792, 4300, 24, 16, '2020-09-06'),
(793, 4500, 24, 16, '2020-09-07'),
(794, 4400, 24, 16, '2020-09-08'),
(795, 4600, 24, 16, '2020-09-09'),
(796, 4800, 24, 16, '2020-09-10'),
(797, 4900, 24, 16, '2020-09-11'),
(798, 5300, 24, 16, '2020-09-12'),
(799, 5200, 24, 16, '2020-09-13'),
(800, 4000, 24, 16, '2020-09-14'),
(801, 4400, 15, 23, '2020-06-07'),
(802, 4300, 15, 23, '2020-06-08'),
(803, 4000, 15, 23, '2020-06-09'),
(804, 5600, 15, 23, '2020-06-10'),
(805, 4900, 15, 23, '2020-06-11'),
(806, 5200, 15, 23, '2020-06-12'),
(807, 4100, 15, 23, '2020-06-13'),
(808, 4600, 15, 23, '2020-06-14'),
(809, 5000, 15, 23, '2020-06-15'),
(810, 5300, 15, 23, '2020-06-16'),
(811, 5100, 15, 23, '2020-06-17'),
(812, 5500, 15, 23, '2020-06-18'),
(813, 5100, 15, 23, '2020-06-19'),
(814, 4300, 15, 23, '2020-06-20'),
(815, 4900, 15, 23, '2020-06-21'),
(816, 5200, 15, 23, '2020-06-22'),
(817, 4700, 15, 23, '2020-06-23'),
(818, 5100, 15, 23, '2020-06-24'),
(819, 4600, 15, 23, '2020-06-25'),
(820, 4100, 15, 23, '2020-06-26'),
(821, 4200, 15, 23, '2020-06-27'),
(822, 5200, 15, 23, '2020-06-28'),
(823, 4000, 15, 23, '2020-06-29'),
(824, 5400, 15, 23, '2020-06-30'),
(825, 5000, 15, 23, '2020-07-01'),
(826, 5400, 15, 23, '2020-07-02'),
(827, 4100, 15, 23, '2020-07-03'),
(828, 5100, 15, 23, '2020-07-04'),
(829, 5700, 15, 23, '2020-07-05'),
(830, 5200, 15, 23, '2020-07-06'),
(831, 4800, 15, 23, '2020-07-07'),
(832, 4500, 15, 23, '2020-07-08'),
(833, 5500, 15, 23, '2020-07-09'),
(834, 5600, 15, 23, '2020-07-10'),
(835, 5100, 15, 23, '2020-07-11'),
(836, 5900, 15, 23, '2020-07-12'),
(837, 4900, 15, 23, '2020-07-13'),
(838, 6000, 15, 23, '2020-07-14'),
(839, 4900, 15, 23, '2020-07-15'),
(840, 4200, 15, 23, '2020-07-16'),
(841, 5500, 15, 23, '2020-07-17'),
(842, 5100, 15, 23, '2020-07-18'),
(843, 5100, 15, 23, '2020-07-19'),
(844, 6000, 15, 23, '2020-07-20'),
(845, 5600, 15, 23, '2020-07-21'),
(846, 4800, 15, 23, '2020-07-22'),
(847, 5700, 15, 23, '2020-07-23'),
(848, 4000, 15, 23, '2020-07-24'),
(849, 4600, 15, 23, '2020-07-25'),
(850, 5700, 15, 23, '2020-07-26'),
(851, 5600, 15, 23, '2020-07-27'),
(852, 4800, 15, 23, '2020-07-28'),
(853, 5100, 15, 23, '2020-07-29'),
(854, 5400, 15, 23, '2020-07-30'),
(855, 4700, 15, 23, '2020-07-31'),
(856, 5400, 15, 23, '2020-08-01'),
(857, 4300, 15, 23, '2020-08-02'),
(858, 4600, 15, 23, '2020-08-03'),
(859, 4000, 15, 23, '2020-08-04'),
(860, 6000, 15, 23, '2020-08-05'),
(861, 4900, 15, 23, '2020-08-06'),
(862, 5100, 15, 23, '2020-08-07'),
(863, 5500, 15, 23, '2020-08-08'),
(864, 5800, 15, 23, '2020-08-09'),
(865, 4200, 15, 23, '2020-08-10'),
(866, 5500, 15, 23, '2020-08-11'),
(867, 6000, 15, 23, '2020-08-12'),
(868, 4900, 15, 23, '2020-08-13'),
(869, 4700, 15, 23, '2020-08-14'),
(870, 5500, 15, 23, '2020-08-15'),
(871, 5500, 15, 23, '2020-08-16'),
(872, 4600, 15, 23, '2020-08-17'),
(873, 5700, 15, 23, '2020-08-18'),
(874, 5800, 15, 23, '2020-08-19'),
(875, 4900, 15, 23, '2020-08-20'),
(876, 5200, 15, 23, '2020-08-21'),
(877, 5800, 15, 23, '2020-08-22'),
(878, 4000, 15, 23, '2020-08-23'),
(879, 4100, 15, 23, '2020-08-24'),
(880, 5700, 15, 23, '2020-08-25'),
(881, 4200, 15, 23, '2020-08-26'),
(882, 5000, 15, 23, '2020-08-27'),
(883, 4200, 15, 23, '2020-08-28'),
(884, 4200, 15, 23, '2020-08-29'),
(885, 5700, 15, 23, '2020-08-30'),
(886, 4200, 15, 23, '2020-08-31'),
(887, 5100, 15, 23, '2020-09-01'),
(888, 4100, 15, 23, '2020-09-02'),
(889, 5500, 15, 23, '2020-09-03'),
(890, 4600, 15, 23, '2020-09-04'),
(891, 5700, 15, 23, '2020-09-05'),
(892, 5600, 15, 23, '2020-09-06'),
(893, 4000, 15, 23, '2020-09-07'),
(894, 5700, 15, 23, '2020-09-08'),
(895, 5800, 15, 23, '2020-09-09'),
(896, 5700, 15, 23, '2020-09-10'),
(897, 4800, 15, 23, '2020-09-11'),
(898, 4100, 15, 23, '2020-09-12'),
(899, 4500, 15, 23, '2020-09-13'),
(900, 4700, 15, 23, '2020-09-14'),
(901, 4100, 23, 15, '2020-06-07'),
(902, 5800, 23, 15, '2020-06-08'),
(903, 5800, 23, 15, '2020-06-09'),
(904, 5900, 23, 15, '2020-06-10'),
(905, 5700, 23, 15, '2020-06-11'),
(906, 5100, 23, 15, '2020-06-12'),
(907, 4300, 23, 15, '2020-06-13'),
(908, 5200, 23, 15, '2020-06-14'),
(909, 5700, 23, 15, '2020-06-15'),
(910, 4000, 23, 15, '2020-06-16'),
(911, 4400, 23, 15, '2020-06-17'),
(912, 6000, 23, 15, '2020-06-18'),
(913, 5700, 23, 15, '2020-06-19'),
(914, 5000, 23, 15, '2020-06-20'),
(915, 4700, 23, 15, '2020-06-21'),
(916, 4400, 23, 15, '2020-06-22'),
(917, 4000, 23, 15, '2020-06-23'),
(918, 6000, 23, 15, '2020-06-24'),
(919, 5300, 23, 15, '2020-06-25'),
(920, 5700, 23, 15, '2020-06-26'),
(921, 4300, 23, 15, '2020-06-27'),
(922, 5400, 23, 15, '2020-06-28'),
(923, 5000, 23, 15, '2020-06-29'),
(924, 6000, 23, 15, '2020-06-30'),
(925, 4800, 23, 15, '2020-07-01'),
(926, 5000, 23, 15, '2020-07-02'),
(927, 6000, 23, 15, '2020-07-03'),
(928, 4400, 23, 15, '2020-07-04'),
(929, 5000, 23, 15, '2020-07-05'),
(930, 5600, 23, 15, '2020-07-06'),
(931, 4800, 23, 15, '2020-07-07'),
(932, 5300, 23, 15, '2020-07-08'),
(933, 5400, 23, 15, '2020-07-09'),
(934, 4800, 23, 15, '2020-07-10'),
(935, 5800, 23, 15, '2020-07-11'),
(936, 5700, 23, 15, '2020-07-12'),
(937, 5400, 23, 15, '2020-07-13'),
(938, 5300, 23, 15, '2020-07-14'),
(939, 5700, 23, 15, '2020-07-15'),
(940, 6000, 23, 15, '2020-07-16'),
(941, 5400, 23, 15, '2020-07-17'),
(942, 4700, 23, 15, '2020-07-18'),
(943, 4300, 23, 15, '2020-07-19'),
(944, 5100, 23, 15, '2020-07-20'),
(945, 4800, 23, 15, '2020-07-21'),
(946, 5900, 23, 15, '2020-07-22'),
(947, 4900, 23, 15, '2020-07-23'),
(948, 5300, 23, 15, '2020-07-24'),
(949, 4200, 23, 15, '2020-07-25'),
(950, 4300, 23, 15, '2020-07-26'),
(951, 5200, 23, 15, '2020-07-27'),
(952, 6000, 23, 15, '2020-07-28'),
(953, 4900, 23, 15, '2020-07-29'),
(954, 4900, 23, 15, '2020-07-30'),
(955, 4100, 23, 15, '2020-07-31'),
(956, 5100, 23, 15, '2020-08-01'),
(957, 5400, 23, 15, '2020-08-02'),
(958, 5100, 23, 15, '2020-08-03'),
(959, 5800, 23, 15, '2020-08-04'),
(960, 5900, 23, 15, '2020-08-05'),
(961, 5100, 23, 15, '2020-08-06'),
(962, 5800, 23, 15, '2020-08-07'),
(963, 4900, 23, 15, '2020-08-08'),
(964, 4600, 23, 15, '2020-08-09'),
(965, 4400, 23, 15, '2020-08-10'),
(966, 4600, 23, 15, '2020-08-11'),
(967, 5600, 23, 15, '2020-08-12'),
(968, 4300, 23, 15, '2020-08-13'),
(969, 4800, 23, 15, '2020-08-14'),
(970, 4100, 23, 15, '2020-08-15'),
(971, 4600, 23, 15, '2020-08-16'),
(972, 5400, 23, 15, '2020-08-17'),
(973, 4800, 23, 15, '2020-08-18'),
(974, 4200, 23, 15, '2020-08-19'),
(975, 4100, 23, 15, '2020-08-20'),
(976, 4900, 23, 15, '2020-08-21'),
(977, 5800, 23, 15, '2020-08-22'),
(978, 5400, 23, 15, '2020-08-23'),
(979, 4900, 23, 15, '2020-08-24'),
(980, 5000, 23, 15, '2020-08-25'),
(981, 4000, 23, 15, '2020-08-26'),
(982, 5500, 23, 15, '2020-08-27'),
(983, 4900, 23, 15, '2020-08-28'),
(984, 5000, 23, 15, '2020-08-29'),
(985, 5300, 23, 15, '2020-08-30'),
(986, 5100, 23, 15, '2020-08-31'),
(987, 5100, 23, 15, '2020-09-01'),
(988, 4900, 23, 15, '2020-09-02'),
(989, 5700, 23, 15, '2020-09-03'),
(990, 6000, 23, 15, '2020-09-04'),
(991, 5400, 23, 15, '2020-09-05'),
(992, 4000, 23, 15, '2020-09-06'),
(993, 4800, 23, 15, '2020-09-07'),
(994, 4700, 23, 15, '2020-09-08'),
(995, 4700, 23, 15, '2020-09-09'),
(996, 4600, 23, 15, '2020-09-10'),
(997, 5200, 23, 15, '2020-09-11'),
(998, 5100, 23, 15, '2020-09-12'),
(999, 5100, 23, 15, '2020-09-13'),
(1000, 5800, 23, 15, '2020-09-14'),
(1001, 4500, 16, 23, '2020-06-07'),
(1002, 4700, 16, 23, '2020-06-08'),
(1003, 5300, 16, 23, '2020-06-09'),
(1004, 5000, 16, 23, '2020-06-10'),
(1005, 4700, 16, 23, '2020-06-11'),
(1006, 4900, 16, 23, '2020-06-12'),
(1007, 4100, 16, 23, '2020-06-13'),
(1008, 5200, 16, 23, '2020-06-14'),
(1009, 5100, 16, 23, '2020-06-15'),
(1010, 4500, 16, 23, '2020-06-16'),
(1011, 5500, 16, 23, '2020-06-17'),
(1012, 4300, 16, 23, '2020-06-18'),
(1013, 4100, 16, 23, '2020-06-19'),
(1014, 5200, 16, 23, '2020-06-20'),
(1015, 5300, 16, 23, '2020-06-21'),
(1016, 5600, 16, 23, '2020-06-22'),
(1017, 5300, 16, 23, '2020-06-23'),
(1018, 5700, 16, 23, '2020-06-24'),
(1019, 4500, 16, 23, '2020-06-25'),
(1020, 5100, 16, 23, '2020-06-26'),
(1021, 4900, 16, 23, '2020-06-27'),
(1022, 5700, 16, 23, '2020-06-28'),
(1023, 5200, 16, 23, '2020-06-29'),
(1024, 6000, 16, 23, '2020-06-30'),
(1025, 4500, 16, 23, '2020-07-01'),
(1026, 5900, 16, 23, '2020-07-02'),
(1027, 4100, 16, 23, '2020-07-03'),
(1028, 4500, 16, 23, '2020-07-04'),
(1029, 4500, 16, 23, '2020-07-05'),
(1030, 5900, 16, 23, '2020-07-06'),
(1031, 5300, 16, 23, '2020-07-07'),
(1032, 6000, 16, 23, '2020-07-08'),
(1033, 4400, 16, 23, '2020-07-09'),
(1034, 4400, 16, 23, '2020-07-10'),
(1035, 5700, 16, 23, '2020-07-11'),
(1036, 4300, 16, 23, '2020-07-12'),
(1037, 4500, 16, 23, '2020-07-13'),
(1038, 5200, 16, 23, '2020-07-14'),
(1039, 5200, 16, 23, '2020-07-15'),
(1040, 4900, 16, 23, '2020-07-16'),
(1041, 4400, 16, 23, '2020-07-17'),
(1042, 4900, 16, 23, '2020-07-18'),
(1043, 4800, 16, 23, '2020-07-19'),
(1044, 6000, 16, 23, '2020-07-20'),
(1045, 4400, 16, 23, '2020-07-21'),
(1046, 5200, 16, 23, '2020-07-22'),
(1047, 4300, 16, 23, '2020-07-23'),
(1048, 4400, 16, 23, '2020-07-24'),
(1049, 6000, 16, 23, '2020-07-25'),
(1050, 4800, 16, 23, '2020-07-26'),
(1051, 4800, 16, 23, '2020-07-27'),
(1052, 4800, 16, 23, '2020-07-28'),
(1053, 5600, 16, 23, '2020-07-29'),
(1054, 5400, 16, 23, '2020-07-30'),
(1055, 4100, 16, 23, '2020-07-31'),
(1056, 4000, 16, 23, '2020-08-01'),
(1057, 4700, 16, 23, '2020-08-02'),
(1058, 5700, 16, 23, '2020-08-03'),
(1059, 5300, 16, 23, '2020-08-04'),
(1060, 4400, 16, 23, '2020-08-05'),
(1061, 5700, 16, 23, '2020-08-06'),
(1062, 5300, 16, 23, '2020-08-07'),
(1063, 4200, 16, 23, '2020-08-08'),
(1064, 5200, 16, 23, '2020-08-09'),
(1065, 4000, 16, 23, '2020-08-10'),
(1066, 4900, 16, 23, '2020-08-11'),
(1067, 5900, 16, 23, '2020-08-12'),
(1068, 4400, 16, 23, '2020-08-13'),
(1069, 4100, 16, 23, '2020-08-14'),
(1070, 4300, 16, 23, '2020-08-15'),
(1071, 4000, 16, 23, '2020-08-16'),
(1072, 5400, 16, 23, '2020-08-17'),
(1073, 5400, 16, 23, '2020-08-18'),
(1074, 4100, 16, 23, '2020-08-19'),
(1075, 5900, 16, 23, '2020-08-20'),
(1076, 4200, 16, 23, '2020-08-21'),
(1077, 4400, 16, 23, '2020-08-22'),
(1078, 4000, 16, 23, '2020-08-23'),
(1079, 5100, 16, 23, '2020-08-24'),
(1080, 4100, 16, 23, '2020-08-25'),
(1081, 4400, 16, 23, '2020-08-26'),
(1082, 4700, 16, 23, '2020-08-27'),
(1083, 4800, 16, 23, '2020-08-28'),
(1084, 5300, 16, 23, '2020-08-29'),
(1085, 4000, 16, 23, '2020-08-30'),
(1086, 5900, 16, 23, '2020-08-31'),
(1087, 4900, 16, 23, '2020-09-01'),
(1088, 4900, 16, 23, '2020-09-02'),
(1089, 4600, 16, 23, '2020-09-03'),
(1090, 4200, 16, 23, '2020-09-04'),
(1091, 4200, 16, 23, '2020-09-05'),
(1092, 5200, 16, 23, '2020-09-06'),
(1093, 4500, 16, 23, '2020-09-07'),
(1094, 5500, 16, 23, '2020-09-08'),
(1095, 4900, 16, 23, '2020-09-09'),
(1096, 5200, 16, 23, '2020-09-10'),
(1097, 5400, 16, 23, '2020-09-11'),
(1098, 4200, 16, 23, '2020-09-12'),
(1099, 5800, 16, 23, '2020-09-13'),
(1100, 5300, 16, 23, '2020-09-14'),
(1101, 5400, 23, 16, '2020-06-07'),
(1102, 4100, 23, 16, '2020-06-08'),
(1103, 4700, 23, 16, '2020-06-09'),
(1104, 4600, 23, 16, '2020-06-10'),
(1105, 4200, 23, 16, '2020-06-11'),
(1106, 4000, 23, 16, '2020-06-12'),
(1107, 4600, 23, 16, '2020-06-13'),
(1108, 5300, 23, 16, '2020-06-14'),
(1109, 4100, 23, 16, '2020-06-15'),
(1110, 5600, 23, 16, '2020-06-16'),
(1111, 5700, 23, 16, '2020-06-17'),
(1112, 4500, 23, 16, '2020-06-18'),
(1113, 4700, 23, 16, '2020-06-19'),
(1114, 5400, 23, 16, '2020-06-20'),
(1115, 4600, 23, 16, '2020-06-21'),
(1116, 4500, 23, 16, '2020-06-22'),
(1117, 4200, 23, 16, '2020-06-23'),
(1118, 5100, 23, 16, '2020-06-24'),
(1119, 5400, 23, 16, '2020-06-25'),
(1120, 4500, 23, 16, '2020-06-26'),
(1121, 4200, 23, 16, '2020-06-27'),
(1122, 5600, 23, 16, '2020-06-28'),
(1123, 5000, 23, 16, '2020-06-29'),
(1124, 4500, 23, 16, '2020-06-30'),
(1125, 5200, 23, 16, '2020-07-01'),
(1126, 4300, 23, 16, '2020-07-02'),
(1127, 5400, 23, 16, '2020-07-03'),
(1128, 6000, 23, 16, '2020-07-04'),
(1129, 4400, 23, 16, '2020-07-05'),
(1130, 4200, 23, 16, '2020-07-06'),
(1131, 5400, 23, 16, '2020-07-07'),
(1132, 4900, 23, 16, '2020-07-08'),
(1133, 4400, 23, 16, '2020-07-09'),
(1134, 4800, 23, 16, '2020-07-10'),
(1135, 5000, 23, 16, '2020-07-11'),
(1136, 4500, 23, 16, '2020-07-12'),
(1137, 4700, 23, 16, '2020-07-13'),
(1138, 4700, 23, 16, '2020-07-14'),
(1139, 5300, 23, 16, '2020-07-15'),
(1140, 5100, 23, 16, '2020-07-16'),
(1141, 5700, 23, 16, '2020-07-17'),
(1142, 5900, 23, 16, '2020-07-18'),
(1143, 6000, 23, 16, '2020-07-19'),
(1144, 5700, 23, 16, '2020-07-20'),
(1145, 4600, 23, 16, '2020-07-21'),
(1146, 4700, 23, 16, '2020-07-22'),
(1147, 4100, 23, 16, '2020-07-23'),
(1148, 4500, 23, 16, '2020-07-24'),
(1149, 4100, 23, 16, '2020-07-25'),
(1150, 5100, 23, 16, '2020-07-26'),
(1151, 5600, 23, 16, '2020-07-27'),
(1152, 4800, 23, 16, '2020-07-28'),
(1153, 5700, 23, 16, '2020-07-29'),
(1154, 5700, 23, 16, '2020-07-30'),
(1155, 5500, 23, 16, '2020-07-31'),
(1156, 4700, 23, 16, '2020-08-01'),
(1157, 5600, 23, 16, '2020-08-02'),
(1158, 4000, 23, 16, '2020-08-03'),
(1159, 5500, 23, 16, '2020-08-04'),
(1160, 5500, 23, 16, '2020-08-05'),
(1161, 5300, 23, 16, '2020-08-06'),
(1162, 5000, 23, 16, '2020-08-07'),
(1163, 4700, 23, 16, '2020-08-08'),
(1164, 5300, 23, 16, '2020-08-09'),
(1165, 5300, 23, 16, '2020-08-10'),
(1166, 4100, 23, 16, '2020-08-11'),
(1167, 5100, 23, 16, '2020-08-12'),
(1168, 5300, 23, 16, '2020-08-13'),
(1169, 5000, 23, 16, '2020-08-14'),
(1170, 4200, 23, 16, '2020-08-15'),
(1171, 5600, 23, 16, '2020-08-16'),
(1172, 5600, 23, 16, '2020-08-17'),
(1173, 4900, 23, 16, '2020-08-18'),
(1174, 4900, 23, 16, '2020-08-19'),
(1175, 6000, 23, 16, '2020-08-20'),
(1176, 5600, 23, 16, '2020-08-21'),
(1177, 4300, 23, 16, '2020-08-22'),
(1178, 4900, 23, 16, '2020-08-23'),
(1179, 5400, 23, 16, '2020-08-24'),
(1180, 5300, 23, 16, '2020-08-25'),
(1181, 5900, 23, 16, '2020-08-26'),
(1182, 5900, 23, 16, '2020-08-27'),
(1183, 5600, 23, 16, '2020-08-28'),
(1184, 5900, 23, 16, '2020-08-29'),
(1185, 4800, 23, 16, '2020-08-30'),
(1186, 4400, 23, 16, '2020-08-31'),
(1187, 5700, 23, 16, '2020-09-01'),
(1188, 5700, 23, 16, '2020-09-02'),
(1189, 5700, 23, 16, '2020-09-03'),
(1190, 4400, 23, 16, '2020-09-04'),
(1191, 5400, 23, 16, '2020-09-05'),
(1192, 5800, 23, 16, '2020-09-06'),
(1193, 5900, 23, 16, '2020-09-07'),
(1194, 4400, 23, 16, '2020-09-08'),
(1195, 5900, 23, 16, '2020-09-09'),
(1196, 4400, 23, 16, '2020-09-10'),
(1197, 5900, 23, 16, '2020-09-11'),
(1198, 4200, 23, 16, '2020-09-12'),
(1199, 5000, 23, 16, '2020-09-13'),
(1200, 4700, 23, 16, '2020-09-14'),
(1201, 4800, 15, 21, '2020-06-07'),
(1202, 5500, 15, 21, '2020-06-08'),
(1203, 4300, 15, 21, '2020-06-09'),
(1204, 5700, 15, 21, '2020-06-10'),
(1205, 5200, 15, 21, '2020-06-11'),
(1206, 6000, 15, 21, '2020-06-12'),
(1207, 5800, 15, 21, '2020-06-13'),
(1208, 4400, 15, 21, '2020-06-14'),
(1209, 4600, 15, 21, '2020-06-15'),
(1210, 5600, 15, 21, '2020-06-16'),
(1211, 6000, 15, 21, '2020-06-17'),
(1212, 5700, 15, 21, '2020-06-18'),
(1213, 5300, 15, 21, '2020-06-19'),
(1214, 4600, 15, 21, '2020-06-20'),
(1215, 4600, 15, 21, '2020-06-21'),
(1216, 5300, 15, 21, '2020-06-22'),
(1217, 4300, 15, 21, '2020-06-23'),
(1218, 4700, 15, 21, '2020-06-24'),
(1219, 4400, 15, 21, '2020-06-25'),
(1220, 4100, 15, 21, '2020-06-26'),
(1221, 4100, 15, 21, '2020-06-27'),
(1222, 4100, 15, 21, '2020-06-28'),
(1223, 5200, 15, 21, '2020-06-29'),
(1224, 4200, 15, 21, '2020-06-30'),
(1225, 5700, 15, 21, '2020-07-01'),
(1226, 4400, 15, 21, '2020-07-02'),
(1227, 5400, 15, 21, '2020-07-03'),
(1228, 4600, 15, 21, '2020-07-04'),
(1229, 5300, 15, 21, '2020-07-05'),
(1230, 4000, 15, 21, '2020-07-06'),
(1231, 4900, 15, 21, '2020-07-07'),
(1232, 5000, 15, 21, '2020-07-08'),
(1233, 4000, 15, 21, '2020-07-09'),
(1234, 4300, 15, 21, '2020-07-10'),
(1235, 4200, 15, 21, '2020-07-11'),
(1236, 4500, 15, 21, '2020-07-12'),
(1237, 4200, 15, 21, '2020-07-13'),
(1238, 5800, 15, 21, '2020-07-14'),
(1239, 5300, 15, 21, '2020-07-15'),
(1240, 5000, 15, 21, '2020-07-16'),
(1241, 5000, 15, 21, '2020-07-17'),
(1242, 5800, 15, 21, '2020-07-18'),
(1243, 4600, 15, 21, '2020-07-19'),
(1244, 5400, 15, 21, '2020-07-20'),
(1245, 4500, 15, 21, '2020-07-21'),
(1246, 4800, 15, 21, '2020-07-22'),
(1247, 5900, 15, 21, '2020-07-23'),
(1248, 5800, 15, 21, '2020-07-24'),
(1249, 6000, 15, 21, '2020-07-25'),
(1250, 4300, 15, 21, '2020-07-26'),
(1251, 5800, 15, 21, '2020-07-27'),
(1252, 4800, 15, 21, '2020-07-28'),
(1253, 5600, 15, 21, '2020-07-29'),
(1254, 4800, 15, 21, '2020-07-30'),
(1255, 4000, 15, 21, '2020-07-31'),
(1256, 4700, 15, 21, '2020-08-01'),
(1257, 4400, 15, 21, '2020-08-02'),
(1258, 5600, 15, 21, '2020-08-03'),
(1259, 5400, 15, 21, '2020-08-04'),
(1260, 4200, 15, 21, '2020-08-05'),
(1261, 4900, 15, 21, '2020-08-06'),
(1262, 5100, 15, 21, '2020-08-07'),
(1263, 5500, 15, 21, '2020-08-08'),
(1264, 5400, 15, 21, '2020-08-09'),
(1265, 4000, 15, 21, '2020-08-10'),
(1266, 4800, 15, 21, '2020-08-11'),
(1267, 5000, 15, 21, '2020-08-12'),
(1268, 5100, 15, 21, '2020-08-13'),
(1269, 4000, 15, 21, '2020-08-14'),
(1270, 5200, 15, 21, '2020-08-15'),
(1271, 5600, 15, 21, '2020-08-16'),
(1272, 5300, 15, 21, '2020-08-17'),
(1273, 4100, 15, 21, '2020-08-18'),
(1274, 5800, 15, 21, '2020-08-19'),
(1275, 6000, 15, 21, '2020-08-20'),
(1276, 4900, 15, 21, '2020-08-21'),
(1277, 4500, 15, 21, '2020-08-22'),
(1278, 4700, 15, 21, '2020-08-23'),
(1279, 5900, 15, 21, '2020-08-24'),
(1280, 6000, 15, 21, '2020-08-25'),
(1281, 4200, 15, 21, '2020-08-26'),
(1282, 5800, 15, 21, '2020-08-27'),
(1283, 5900, 15, 21, '2020-08-28'),
(1284, 5300, 15, 21, '2020-08-29'),
(1285, 5800, 15, 21, '2020-08-30'),
(1286, 5100, 15, 21, '2020-08-31'),
(1287, 5800, 15, 21, '2020-09-01'),
(1288, 4800, 15, 21, '2020-09-02'),
(1289, 6000, 15, 21, '2020-09-03'),
(1290, 4300, 15, 21, '2020-09-04'),
(1291, 4100, 15, 21, '2020-09-05'),
(1292, 5600, 15, 21, '2020-09-06'),
(1293, 5300, 15, 21, '2020-09-07'),
(1294, 5900, 15, 21, '2020-09-08'),
(1295, 4800, 15, 21, '2020-09-09'),
(1296, 5500, 15, 21, '2020-09-10'),
(1297, 4700, 15, 21, '2020-09-11'),
(1298, 5100, 15, 21, '2020-09-12'),
(1299, 4400, 15, 21, '2020-09-13'),
(1300, 5400, 15, 21, '2020-09-14'),
(1301, 4600, 21, 15, '2020-06-07'),
(1302, 4500, 21, 15, '2020-06-08'),
(1303, 4600, 21, 15, '2020-06-09'),
(1304, 5400, 21, 15, '2020-06-10'),
(1305, 4000, 21, 15, '2020-06-11'),
(1306, 5500, 21, 15, '2020-06-12'),
(1307, 4000, 21, 15, '2020-06-13'),
(1308, 4200, 21, 15, '2020-06-14'),
(1309, 5200, 21, 15, '2020-06-15'),
(1310, 4400, 21, 15, '2020-06-16'),
(1311, 4500, 21, 15, '2020-06-17'),
(1312, 6000, 21, 15, '2020-06-18'),
(1313, 5400, 21, 15, '2020-06-19'),
(1314, 4900, 21, 15, '2020-06-20'),
(1315, 4700, 21, 15, '2020-06-21'),
(1316, 5500, 21, 15, '2020-06-22'),
(1317, 4600, 21, 15, '2020-06-23'),
(1318, 5300, 21, 15, '2020-06-24'),
(1319, 4100, 21, 15, '2020-06-25'),
(1320, 4800, 21, 15, '2020-06-26'),
(1321, 4200, 21, 15, '2020-06-27'),
(1322, 5000, 21, 15, '2020-06-28'),
(1323, 5700, 21, 15, '2020-06-29'),
(1324, 4700, 21, 15, '2020-06-30'),
(1325, 4300, 21, 15, '2020-07-01'),
(1326, 4400, 21, 15, '2020-07-02'),
(1327, 4900, 21, 15, '2020-07-03'),
(1328, 5400, 21, 15, '2020-07-04'),
(1329, 4100, 21, 15, '2020-07-05'),
(1330, 5100, 21, 15, '2020-07-06'),
(1331, 4600, 21, 15, '2020-07-07'),
(1332, 5500, 21, 15, '2020-07-08'),
(1333, 5900, 21, 15, '2020-07-09'),
(1334, 5500, 21, 15, '2020-07-10'),
(1335, 4400, 21, 15, '2020-07-11'),
(1336, 5100, 21, 15, '2020-07-12'),
(1337, 4700, 21, 15, '2020-07-13'),
(1338, 4900, 21, 15, '2020-07-14'),
(1339, 5000, 21, 15, '2020-07-15'),
(1340, 5200, 21, 15, '2020-07-16'),
(1341, 4700, 21, 15, '2020-07-17'),
(1342, 5900, 21, 15, '2020-07-18'),
(1343, 4000, 21, 15, '2020-07-19'),
(1344, 5700, 21, 15, '2020-07-20'),
(1345, 5200, 21, 15, '2020-07-21'),
(1346, 5800, 21, 15, '2020-07-22'),
(1347, 4200, 21, 15, '2020-07-23'),
(1348, 5500, 21, 15, '2020-07-24'),
(1349, 4300, 21, 15, '2020-07-25'),
(1350, 5100, 21, 15, '2020-07-26'),
(1351, 5300, 21, 15, '2020-07-27'),
(1352, 4400, 21, 15, '2020-07-28'),
(1353, 5300, 21, 15, '2020-07-29'),
(1354, 5300, 21, 15, '2020-07-30'),
(1355, 6000, 21, 15, '2020-07-31'),
(1356, 5700, 21, 15, '2020-08-01'),
(1357, 4200, 21, 15, '2020-08-02'),
(1358, 4700, 21, 15, '2020-08-03'),
(1359, 5800, 21, 15, '2020-08-04'),
(1360, 4900, 21, 15, '2020-08-05'),
(1361, 4400, 21, 15, '2020-08-06'),
(1362, 4900, 21, 15, '2020-08-07'),
(1363, 5600, 21, 15, '2020-08-08'),
(1364, 5300, 21, 15, '2020-08-09'),
(1365, 6000, 21, 15, '2020-08-10'),
(1366, 4200, 21, 15, '2020-08-11'),
(1367, 4900, 21, 15, '2020-08-12'),
(1368, 4700, 21, 15, '2020-08-13'),
(1369, 4000, 21, 15, '2020-08-14'),
(1370, 4100, 21, 15, '2020-08-15'),
(1371, 4600, 21, 15, '2020-08-16'),
(1372, 6000, 21, 15, '2020-08-17'),
(1373, 4900, 21, 15, '2020-08-18'),
(1374, 5100, 21, 15, '2020-08-19'),
(1375, 4200, 21, 15, '2020-08-20'),
(1376, 5200, 21, 15, '2020-08-21'),
(1377, 5800, 21, 15, '2020-08-22'),
(1378, 4400, 21, 15, '2020-08-23'),
(1379, 4500, 21, 15, '2020-08-24'),
(1380, 5100, 21, 15, '2020-08-25'),
(1381, 4700, 21, 15, '2020-08-26'),
(1382, 4700, 21, 15, '2020-08-27'),
(1383, 5200, 21, 15, '2020-08-28'),
(1384, 5900, 21, 15, '2020-08-29'),
(1385, 5000, 21, 15, '2020-08-30'),
(1386, 5400, 21, 15, '2020-08-31'),
(1387, 4900, 21, 15, '2020-09-01'),
(1388, 4200, 21, 15, '2020-09-02'),
(1389, 4800, 21, 15, '2020-09-03'),
(1390, 4800, 21, 15, '2020-09-04'),
(1391, 5400, 21, 15, '2020-09-05'),
(1392, 4300, 21, 15, '2020-09-06'),
(1393, 5400, 21, 15, '2020-09-07'),
(1394, 4400, 21, 15, '2020-09-08'),
(1395, 5300, 21, 15, '2020-09-09'),
(1396, 4900, 21, 15, '2020-09-10'),
(1397, 4700, 21, 15, '2020-09-11'),
(1398, 4700, 21, 15, '2020-09-12'),
(1399, 4200, 21, 15, '2020-09-13'),
(1400, 6000, 21, 15, '2020-09-14'),
(1401, 5200, 16, 21, '2020-06-07'),
(1402, 4400, 16, 21, '2020-06-08'),
(1403, 5100, 16, 21, '2020-06-09'),
(1404, 5700, 16, 21, '2020-06-10'),
(1405, 5000, 16, 21, '2020-06-11'),
(1406, 4100, 16, 21, '2020-06-12'),
(1407, 4900, 16, 21, '2020-06-13'),
(1408, 4700, 16, 21, '2020-06-14'),
(1409, 4100, 16, 21, '2020-06-15'),
(1410, 5100, 16, 21, '2020-06-16'),
(1411, 4800, 16, 21, '2020-06-17'),
(1412, 5000, 16, 21, '2020-06-18'),
(1413, 5900, 16, 21, '2020-06-19'),
(1414, 6000, 16, 21, '2020-06-20'),
(1415, 5900, 16, 21, '2020-06-21'),
(1416, 4700, 16, 21, '2020-06-22'),
(1417, 4800, 16, 21, '2020-06-23'),
(1418, 4500, 16, 21, '2020-06-24'),
(1419, 5900, 16, 21, '2020-06-25'),
(1420, 4900, 16, 21, '2020-06-26'),
(1421, 4300, 16, 21, '2020-06-27'),
(1422, 5300, 16, 21, '2020-06-28'),
(1423, 5800, 16, 21, '2020-06-29'),
(1424, 6000, 16, 21, '2020-06-30'),
(1425, 4900, 16, 21, '2020-07-01'),
(1426, 4000, 16, 21, '2020-07-02'),
(1427, 5600, 16, 21, '2020-07-03'),
(1428, 4900, 16, 21, '2020-07-04'),
(1429, 6000, 16, 21, '2020-07-05'),
(1430, 5500, 16, 21, '2020-07-06'),
(1431, 4100, 16, 21, '2020-07-07'),
(1432, 4000, 16, 21, '2020-07-08'),
(1433, 5900, 16, 21, '2020-07-09'),
(1434, 5300, 16, 21, '2020-07-10'),
(1435, 5500, 16, 21, '2020-07-11'),
(1436, 4400, 16, 21, '2020-07-12'),
(1437, 4100, 16, 21, '2020-07-13'),
(1438, 4100, 16, 21, '2020-07-14'),
(1439, 4500, 16, 21, '2020-07-15'),
(1440, 4300, 16, 21, '2020-07-16'),
(1441, 5200, 16, 21, '2020-07-17'),
(1442, 5700, 16, 21, '2020-07-18'),
(1443, 5200, 16, 21, '2020-07-19'),
(1444, 5000, 16, 21, '2020-07-20'),
(1445, 4400, 16, 21, '2020-07-21'),
(1446, 4700, 16, 21, '2020-07-22'),
(1447, 4400, 16, 21, '2020-07-23'),
(1448, 4500, 16, 21, '2020-07-24'),
(1449, 4300, 16, 21, '2020-07-25'),
(1450, 4800, 16, 21, '2020-07-26'),
(1451, 4100, 16, 21, '2020-07-27'),
(1452, 4000, 16, 21, '2020-07-28'),
(1453, 4300, 16, 21, '2020-07-29'),
(1454, 4700, 16, 21, '2020-07-30'),
(1455, 5300, 16, 21, '2020-07-31'),
(1456, 6000, 16, 21, '2020-08-01'),
(1457, 4800, 16, 21, '2020-08-02'),
(1458, 4000, 16, 21, '2020-08-03'),
(1459, 5800, 16, 21, '2020-08-04'),
(1460, 5300, 16, 21, '2020-08-05'),
(1461, 5400, 16, 21, '2020-08-06'),
(1462, 5600, 16, 21, '2020-08-07'),
(1463, 4600, 16, 21, '2020-08-08'),
(1464, 4100, 16, 21, '2020-08-09'),
(1465, 4200, 16, 21, '2020-08-10'),
(1466, 5000, 16, 21, '2020-08-11'),
(1467, 5700, 16, 21, '2020-08-12'),
(1468, 6000, 16, 21, '2020-08-13'),
(1469, 5000, 16, 21, '2020-08-14'),
(1470, 4900, 16, 21, '2020-08-15'),
(1471, 6000, 16, 21, '2020-08-16'),
(1472, 4700, 16, 21, '2020-08-17'),
(1473, 6000, 16, 21, '2020-08-18'),
(1474, 5100, 16, 21, '2020-08-19'),
(1475, 5300, 16, 21, '2020-08-20'),
(1476, 5700, 16, 21, '2020-08-21'),
(1477, 4700, 16, 21, '2020-08-22'),
(1478, 4100, 16, 21, '2020-08-23'),
(1479, 4700, 16, 21, '2020-08-24'),
(1480, 5100, 16, 21, '2020-08-25'),
(1481, 5600, 16, 21, '2020-08-26'),
(1482, 5900, 16, 21, '2020-08-27'),
(1483, 4100, 16, 21, '2020-08-28'),
(1484, 6000, 16, 21, '2020-08-29'),
(1485, 4000, 16, 21, '2020-08-30'),
(1486, 4800, 16, 21, '2020-08-31'),
(1487, 4500, 16, 21, '2020-09-01'),
(1488, 4700, 16, 21, '2020-09-02'),
(1489, 4500, 16, 21, '2020-09-03'),
(1490, 4700, 16, 21, '2020-09-04'),
(1491, 5800, 16, 21, '2020-09-05'),
(1492, 4300, 16, 21, '2020-09-06'),
(1493, 4500, 16, 21, '2020-09-07'),
(1494, 4400, 16, 21, '2020-09-08'),
(1495, 4800, 16, 21, '2020-09-09'),
(1496, 5100, 16, 21, '2020-09-10'),
(1497, 4300, 16, 21, '2020-09-11'),
(1498, 5400, 16, 21, '2020-09-12'),
(1499, 5600, 16, 21, '2020-09-13'),
(1500, 4200, 16, 21, '2020-09-14');
INSERT INTO `transfers` (`id`, `price`, `state1_id`, `state2_id`, `dispatch`) VALUES
(1501, 5600, 21, 16, '2020-06-07'),
(1502, 4400, 21, 16, '2020-06-08'),
(1503, 5100, 21, 16, '2020-06-09'),
(1504, 5900, 21, 16, '2020-06-10'),
(1505, 4500, 21, 16, '2020-06-11'),
(1506, 5200, 21, 16, '2020-06-12'),
(1507, 5200, 21, 16, '2020-06-13'),
(1508, 5200, 21, 16, '2020-06-14'),
(1509, 4700, 21, 16, '2020-06-15'),
(1510, 4300, 21, 16, '2020-06-16'),
(1511, 4800, 21, 16, '2020-06-17'),
(1512, 4300, 21, 16, '2020-06-18'),
(1513, 4600, 21, 16, '2020-06-19'),
(1514, 5600, 21, 16, '2020-06-20'),
(1515, 6000, 21, 16, '2020-06-21'),
(1516, 4600, 21, 16, '2020-06-22'),
(1517, 5500, 21, 16, '2020-06-23'),
(1518, 5700, 21, 16, '2020-06-24'),
(1519, 5600, 21, 16, '2020-06-25'),
(1520, 4100, 21, 16, '2020-06-26'),
(1521, 6000, 21, 16, '2020-06-27'),
(1522, 4200, 21, 16, '2020-06-28'),
(1523, 5500, 21, 16, '2020-06-29'),
(1524, 4100, 21, 16, '2020-06-30'),
(1525, 5400, 21, 16, '2020-07-01'),
(1526, 6000, 21, 16, '2020-07-02'),
(1527, 4800, 21, 16, '2020-07-03'),
(1528, 4800, 21, 16, '2020-07-04'),
(1529, 4200, 21, 16, '2020-07-05'),
(1530, 4500, 21, 16, '2020-07-06'),
(1531, 5300, 21, 16, '2020-07-07'),
(1532, 5300, 21, 16, '2020-07-08'),
(1533, 5900, 21, 16, '2020-07-09'),
(1534, 4600, 21, 16, '2020-07-10'),
(1535, 6000, 21, 16, '2020-07-11'),
(1536, 5700, 21, 16, '2020-07-12'),
(1537, 4800, 21, 16, '2020-07-13'),
(1538, 4000, 21, 16, '2020-07-14'),
(1539, 4800, 21, 16, '2020-07-15'),
(1540, 5400, 21, 16, '2020-07-16'),
(1541, 4500, 21, 16, '2020-07-17'),
(1542, 5300, 21, 16, '2020-07-18'),
(1543, 4600, 21, 16, '2020-07-19'),
(1544, 4400, 21, 16, '2020-07-20'),
(1545, 5300, 21, 16, '2020-07-21'),
(1546, 4100, 21, 16, '2020-07-22'),
(1547, 5500, 21, 16, '2020-07-23'),
(1548, 4000, 21, 16, '2020-07-24'),
(1549, 4700, 21, 16, '2020-07-25'),
(1550, 5300, 21, 16, '2020-07-26'),
(1551, 4300, 21, 16, '2020-07-27'),
(1552, 4400, 21, 16, '2020-07-28'),
(1553, 5200, 21, 16, '2020-07-29'),
(1554, 4400, 21, 16, '2020-07-30'),
(1555, 5000, 21, 16, '2020-07-31'),
(1556, 4700, 21, 16, '2020-08-01'),
(1557, 4000, 21, 16, '2020-08-02'),
(1558, 4200, 21, 16, '2020-08-03'),
(1559, 4400, 21, 16, '2020-08-04'),
(1560, 5200, 21, 16, '2020-08-05'),
(1561, 5900, 21, 16, '2020-08-06'),
(1562, 4400, 21, 16, '2020-08-07'),
(1563, 4700, 21, 16, '2020-08-08'),
(1564, 5000, 21, 16, '2020-08-09'),
(1565, 6000, 21, 16, '2020-08-10'),
(1566, 5700, 21, 16, '2020-08-11'),
(1567, 4600, 21, 16, '2020-08-12'),
(1568, 4300, 21, 16, '2020-08-13'),
(1569, 4900, 21, 16, '2020-08-14'),
(1570, 5600, 21, 16, '2020-08-15'),
(1571, 4100, 21, 16, '2020-08-16'),
(1572, 4300, 21, 16, '2020-08-17'),
(1573, 4000, 21, 16, '2020-08-18'),
(1574, 5000, 21, 16, '2020-08-19'),
(1575, 4200, 21, 16, '2020-08-20'),
(1576, 5200, 21, 16, '2020-08-21'),
(1577, 5900, 21, 16, '2020-08-22'),
(1578, 5500, 21, 16, '2020-08-23'),
(1579, 4800, 21, 16, '2020-08-24'),
(1580, 4100, 21, 16, '2020-08-25'),
(1581, 5700, 21, 16, '2020-08-26'),
(1582, 5700, 21, 16, '2020-08-27'),
(1583, 4800, 21, 16, '2020-08-28'),
(1584, 5400, 21, 16, '2020-08-29'),
(1585, 4000, 21, 16, '2020-08-30'),
(1586, 5500, 21, 16, '2020-08-31'),
(1587, 4200, 21, 16, '2020-09-01'),
(1588, 4000, 21, 16, '2020-09-02'),
(1589, 4400, 21, 16, '2020-09-03'),
(1590, 5400, 21, 16, '2020-09-04'),
(1591, 6000, 21, 16, '2020-09-05'),
(1592, 4400, 21, 16, '2020-09-06'),
(1593, 5200, 21, 16, '2020-09-07'),
(1594, 5100, 21, 16, '2020-09-08'),
(1595, 5900, 21, 16, '2020-09-09'),
(1596, 5600, 21, 16, '2020-09-10'),
(1597, 5900, 21, 16, '2020-09-11'),
(1598, 5400, 21, 16, '2020-09-12'),
(1599, 5000, 21, 16, '2020-09-13'),
(1600, 5700, 21, 16, '2020-09-14'),
(1601, 4000, 15, 20, '2020-06-07'),
(1602, 5800, 15, 20, '2020-06-08'),
(1603, 5400, 15, 20, '2020-06-09'),
(1604, 5700, 15, 20, '2020-06-10'),
(1605, 4000, 15, 20, '2020-06-11'),
(1606, 4400, 15, 20, '2020-06-12'),
(1607, 5600, 15, 20, '2020-06-13'),
(1608, 5500, 15, 20, '2020-06-14'),
(1609, 4400, 15, 20, '2020-06-15'),
(1610, 5800, 15, 20, '2020-06-16'),
(1611, 4500, 15, 20, '2020-06-17'),
(1612, 5500, 15, 20, '2020-06-18'),
(1613, 5700, 15, 20, '2020-06-19'),
(1614, 5400, 15, 20, '2020-06-20'),
(1615, 4300, 15, 20, '2020-06-21'),
(1616, 4700, 15, 20, '2020-06-22'),
(1617, 5400, 15, 20, '2020-06-23'),
(1618, 4100, 15, 20, '2020-06-24'),
(1619, 5700, 15, 20, '2020-06-25'),
(1620, 5600, 15, 20, '2020-06-26'),
(1621, 5800, 15, 20, '2020-06-27'),
(1622, 5600, 15, 20, '2020-06-28'),
(1623, 4700, 15, 20, '2020-06-29'),
(1624, 5000, 15, 20, '2020-06-30'),
(1625, 4300, 15, 20, '2020-07-01'),
(1626, 4400, 15, 20, '2020-07-02'),
(1627, 4300, 15, 20, '2020-07-03'),
(1628, 5500, 15, 20, '2020-07-04'),
(1629, 5700, 15, 20, '2020-07-05'),
(1630, 4400, 15, 20, '2020-07-06'),
(1631, 4400, 15, 20, '2020-07-07'),
(1632, 5900, 15, 20, '2020-07-08'),
(1633, 5000, 15, 20, '2020-07-09'),
(1634, 4100, 15, 20, '2020-07-10'),
(1635, 6000, 15, 20, '2020-07-11'),
(1636, 4600, 15, 20, '2020-07-12'),
(1637, 4900, 15, 20, '2020-07-13'),
(1638, 5400, 15, 20, '2020-07-14'),
(1639, 4800, 15, 20, '2020-07-15'),
(1640, 4800, 15, 20, '2020-07-16'),
(1641, 4800, 15, 20, '2020-07-17'),
(1642, 4800, 15, 20, '2020-07-18'),
(1643, 4000, 15, 20, '2020-07-19'),
(1644, 4600, 15, 20, '2020-07-20'),
(1645, 5100, 15, 20, '2020-07-21'),
(1646, 4000, 15, 20, '2020-07-22'),
(1647, 5500, 15, 20, '2020-07-23'),
(1648, 5300, 15, 20, '2020-07-24'),
(1649, 5200, 15, 20, '2020-07-25'),
(1650, 5900, 15, 20, '2020-07-26'),
(1651, 4000, 15, 20, '2020-07-27'),
(1652, 4900, 15, 20, '2020-07-28'),
(1653, 5600, 15, 20, '2020-07-29'),
(1654, 6000, 15, 20, '2020-07-30'),
(1655, 5900, 15, 20, '2020-07-31'),
(1656, 4700, 15, 20, '2020-08-01'),
(1657, 5700, 15, 20, '2020-08-02'),
(1658, 4900, 15, 20, '2020-08-03'),
(1659, 5700, 15, 20, '2020-08-04'),
(1660, 5000, 15, 20, '2020-08-05'),
(1661, 6000, 15, 20, '2020-08-06'),
(1662, 4400, 15, 20, '2020-08-07'),
(1663, 5500, 15, 20, '2020-08-08'),
(1664, 4800, 15, 20, '2020-08-09'),
(1665, 5800, 15, 20, '2020-08-10'),
(1666, 5300, 15, 20, '2020-08-11'),
(1667, 4200, 15, 20, '2020-08-12'),
(1668, 4300, 15, 20, '2020-08-13'),
(1669, 5700, 15, 20, '2020-08-14'),
(1670, 5100, 15, 20, '2020-08-15'),
(1671, 5800, 15, 20, '2020-08-16'),
(1672, 4900, 15, 20, '2020-08-17'),
(1673, 5000, 15, 20, '2020-08-18'),
(1674, 4600, 15, 20, '2020-08-19'),
(1675, 5200, 15, 20, '2020-08-20'),
(1676, 4500, 15, 20, '2020-08-21'),
(1677, 4200, 15, 20, '2020-08-22'),
(1678, 5500, 15, 20, '2020-08-23'),
(1679, 4400, 15, 20, '2020-08-24'),
(1680, 4500, 15, 20, '2020-08-25'),
(1681, 4800, 15, 20, '2020-08-26'),
(1682, 4400, 15, 20, '2020-08-27'),
(1683, 4200, 15, 20, '2020-08-28'),
(1684, 5000, 15, 20, '2020-08-29'),
(1685, 5100, 15, 20, '2020-08-30'),
(1686, 5000, 15, 20, '2020-08-31'),
(1687, 4700, 15, 20, '2020-09-01'),
(1688, 5200, 15, 20, '2020-09-02'),
(1689, 4700, 15, 20, '2020-09-03'),
(1690, 4000, 15, 20, '2020-09-04'),
(1691, 4700, 15, 20, '2020-09-05'),
(1692, 5300, 15, 20, '2020-09-06'),
(1693, 6000, 15, 20, '2020-09-07'),
(1694, 5200, 15, 20, '2020-09-08'),
(1695, 4200, 15, 20, '2020-09-09'),
(1696, 4400, 15, 20, '2020-09-10'),
(1697, 4200, 15, 20, '2020-09-11'),
(1698, 5200, 15, 20, '2020-09-12'),
(1699, 4200, 15, 20, '2020-09-13'),
(1700, 4800, 15, 20, '2020-09-14'),
(1701, 4000, 20, 15, '2020-06-07'),
(1702, 5600, 20, 15, '2020-06-08'),
(1703, 4500, 20, 15, '2020-06-09'),
(1704, 5800, 20, 15, '2020-06-10'),
(1705, 4900, 20, 15, '2020-06-11'),
(1706, 5200, 20, 15, '2020-06-12'),
(1707, 4100, 20, 15, '2020-06-13'),
(1708, 5200, 20, 15, '2020-06-14'),
(1709, 5100, 20, 15, '2020-06-15'),
(1710, 5700, 20, 15, '2020-06-16'),
(1711, 5100, 20, 15, '2020-06-17'),
(1712, 4500, 20, 15, '2020-06-18'),
(1713, 4100, 20, 15, '2020-06-19'),
(1714, 5700, 20, 15, '2020-06-20'),
(1715, 4100, 20, 15, '2020-06-21'),
(1716, 5900, 20, 15, '2020-06-22'),
(1717, 4400, 20, 15, '2020-06-23'),
(1718, 4900, 20, 15, '2020-06-24'),
(1719, 5300, 20, 15, '2020-06-25'),
(1720, 4400, 20, 15, '2020-06-26'),
(1721, 5500, 20, 15, '2020-06-27'),
(1722, 4000, 20, 15, '2020-06-28'),
(1723, 5600, 20, 15, '2020-06-29'),
(1724, 4300, 20, 15, '2020-06-30'),
(1725, 5700, 20, 15, '2020-07-01'),
(1726, 4800, 20, 15, '2020-07-02'),
(1727, 4800, 20, 15, '2020-07-03'),
(1728, 4800, 20, 15, '2020-07-04'),
(1729, 4400, 20, 15, '2020-07-05'),
(1730, 5800, 20, 15, '2020-07-06'),
(1731, 6000, 20, 15, '2020-07-07'),
(1732, 4100, 20, 15, '2020-07-08'),
(1733, 4200, 20, 15, '2020-07-09'),
(1734, 4800, 20, 15, '2020-07-10'),
(1735, 5000, 20, 15, '2020-07-11'),
(1736, 5300, 20, 15, '2020-07-12'),
(1737, 4500, 20, 15, '2020-07-13'),
(1738, 4500, 20, 15, '2020-07-14'),
(1739, 4900, 20, 15, '2020-07-15'),
(1740, 4600, 20, 15, '2020-07-16'),
(1741, 5700, 20, 15, '2020-07-17'),
(1742, 4500, 20, 15, '2020-07-18'),
(1743, 5500, 20, 15, '2020-07-19'),
(1744, 5300, 20, 15, '2020-07-20'),
(1745, 5200, 20, 15, '2020-07-21'),
(1746, 5700, 20, 15, '2020-07-22'),
(1747, 5800, 20, 15, '2020-07-23'),
(1748, 5500, 20, 15, '2020-07-24'),
(1749, 5500, 20, 15, '2020-07-25'),
(1750, 5500, 20, 15, '2020-07-26'),
(1751, 5700, 20, 15, '2020-07-27'),
(1752, 4300, 20, 15, '2020-07-28'),
(1753, 6000, 20, 15, '2020-07-29'),
(1754, 4700, 20, 15, '2020-07-30'),
(1755, 4100, 20, 15, '2020-07-31'),
(1756, 4100, 20, 15, '2020-08-01'),
(1757, 5200, 20, 15, '2020-08-02'),
(1758, 5100, 20, 15, '2020-08-03'),
(1759, 5100, 20, 15, '2020-08-04'),
(1760, 6000, 20, 15, '2020-08-05'),
(1761, 4400, 20, 15, '2020-08-06'),
(1762, 5200, 20, 15, '2020-08-07'),
(1763, 5500, 20, 15, '2020-08-08'),
(1764, 4000, 20, 15, '2020-08-09'),
(1765, 4100, 20, 15, '2020-08-10'),
(1766, 4800, 20, 15, '2020-08-11'),
(1767, 5300, 20, 15, '2020-08-12'),
(1768, 5700, 20, 15, '2020-08-13'),
(1769, 6000, 20, 15, '2020-08-14'),
(1770, 4600, 20, 15, '2020-08-15'),
(1771, 5300, 20, 15, '2020-08-16'),
(1772, 4800, 20, 15, '2020-08-17'),
(1773, 4000, 20, 15, '2020-08-18'),
(1774, 4200, 20, 15, '2020-08-19'),
(1775, 5700, 20, 15, '2020-08-20'),
(1776, 4800, 20, 15, '2020-08-21'),
(1777, 4000, 20, 15, '2020-08-22'),
(1778, 4400, 20, 15, '2020-08-23'),
(1779, 5200, 20, 15, '2020-08-24'),
(1780, 5900, 20, 15, '2020-08-25'),
(1781, 4300, 20, 15, '2020-08-26'),
(1782, 4800, 20, 15, '2020-08-27'),
(1783, 5800, 20, 15, '2020-08-28'),
(1784, 5100, 20, 15, '2020-08-29'),
(1785, 4200, 20, 15, '2020-08-30'),
(1786, 4100, 20, 15, '2020-08-31'),
(1787, 4400, 20, 15, '2020-09-01'),
(1788, 4700, 20, 15, '2020-09-02'),
(1789, 4400, 20, 15, '2020-09-03'),
(1790, 4000, 20, 15, '2020-09-04'),
(1791, 5100, 20, 15, '2020-09-05'),
(1792, 5900, 20, 15, '2020-09-06'),
(1793, 4100, 20, 15, '2020-09-07'),
(1794, 5300, 20, 15, '2020-09-08'),
(1795, 4700, 20, 15, '2020-09-09'),
(1796, 4800, 20, 15, '2020-09-10'),
(1797, 5900, 20, 15, '2020-09-11'),
(1798, 5600, 20, 15, '2020-09-12'),
(1799, 5200, 20, 15, '2020-09-13'),
(1800, 4700, 20, 15, '2020-09-14'),
(1801, 4700, 16, 20, '2020-06-07'),
(1802, 6000, 16, 20, '2020-06-08'),
(1803, 5300, 16, 20, '2020-06-09'),
(1804, 4000, 16, 20, '2020-06-10'),
(1805, 5300, 16, 20, '2020-06-11'),
(1806, 5400, 16, 20, '2020-06-12'),
(1807, 5600, 16, 20, '2020-06-13'),
(1808, 4800, 16, 20, '2020-06-14'),
(1809, 4000, 16, 20, '2020-06-15'),
(1810, 5500, 16, 20, '2020-06-16'),
(1811, 5900, 16, 20, '2020-06-17'),
(1812, 5100, 16, 20, '2020-06-18'),
(1813, 4400, 16, 20, '2020-06-19'),
(1814, 4800, 16, 20, '2020-06-20'),
(1815, 5100, 16, 20, '2020-06-21'),
(1816, 5200, 16, 20, '2020-06-22'),
(1817, 4800, 16, 20, '2020-06-23'),
(1818, 5200, 16, 20, '2020-06-24'),
(1819, 5200, 16, 20, '2020-06-25'),
(1820, 4100, 16, 20, '2020-06-26'),
(1821, 4600, 16, 20, '2020-06-27'),
(1822, 5200, 16, 20, '2020-06-28'),
(1823, 5100, 16, 20, '2020-06-29'),
(1824, 4300, 16, 20, '2020-06-30'),
(1825, 4300, 16, 20, '2020-07-01'),
(1826, 4500, 16, 20, '2020-07-02'),
(1827, 4800, 16, 20, '2020-07-03'),
(1828, 4800, 16, 20, '2020-07-04'),
(1829, 5400, 16, 20, '2020-07-05'),
(1830, 6000, 16, 20, '2020-07-06'),
(1831, 5100, 16, 20, '2020-07-07'),
(1832, 5800, 16, 20, '2020-07-08'),
(1833, 4200, 16, 20, '2020-07-09'),
(1834, 5100, 16, 20, '2020-07-10'),
(1835, 4100, 16, 20, '2020-07-11'),
(1836, 4500, 16, 20, '2020-07-12'),
(1837, 4300, 16, 20, '2020-07-13'),
(1838, 4600, 16, 20, '2020-07-14'),
(1839, 4600, 16, 20, '2020-07-15'),
(1840, 5100, 16, 20, '2020-07-16'),
(1841, 4000, 16, 20, '2020-07-17'),
(1842, 4200, 16, 20, '2020-07-18'),
(1843, 4600, 16, 20, '2020-07-19'),
(1844, 4700, 16, 20, '2020-07-20'),
(1845, 4900, 16, 20, '2020-07-21'),
(1846, 4700, 16, 20, '2020-07-22'),
(1847, 5100, 16, 20, '2020-07-23'),
(1848, 5700, 16, 20, '2020-07-24'),
(1849, 5200, 16, 20, '2020-07-25'),
(1850, 5700, 16, 20, '2020-07-26'),
(1851, 6000, 16, 20, '2020-07-27'),
(1852, 5000, 16, 20, '2020-07-28'),
(1853, 4500, 16, 20, '2020-07-29'),
(1854, 5800, 16, 20, '2020-07-30'),
(1855, 4000, 16, 20, '2020-07-31'),
(1856, 5000, 16, 20, '2020-08-01'),
(1857, 5200, 16, 20, '2020-08-02'),
(1858, 4700, 16, 20, '2020-08-03'),
(1859, 5500, 16, 20, '2020-08-04'),
(1860, 4800, 16, 20, '2020-08-05'),
(1861, 4800, 16, 20, '2020-08-06'),
(1862, 5200, 16, 20, '2020-08-07'),
(1863, 5000, 16, 20, '2020-08-08'),
(1864, 4600, 16, 20, '2020-08-09'),
(1865, 5600, 16, 20, '2020-08-10'),
(1866, 4900, 16, 20, '2020-08-11'),
(1867, 4700, 16, 20, '2020-08-12'),
(1868, 5700, 16, 20, '2020-08-13'),
(1869, 5100, 16, 20, '2020-08-14'),
(1870, 4500, 16, 20, '2020-08-15'),
(1871, 5500, 16, 20, '2020-08-16'),
(1872, 4100, 16, 20, '2020-08-17'),
(1873, 5900, 16, 20, '2020-08-18'),
(1874, 5800, 16, 20, '2020-08-19'),
(1875, 5200, 16, 20, '2020-08-20'),
(1876, 5100, 16, 20, '2020-08-21'),
(1877, 5100, 16, 20, '2020-08-22'),
(1878, 5400, 16, 20, '2020-08-23'),
(1879, 4900, 16, 20, '2020-08-24'),
(1880, 4900, 16, 20, '2020-08-25'),
(1881, 5400, 16, 20, '2020-08-26'),
(1882, 4900, 16, 20, '2020-08-27'),
(1883, 4400, 16, 20, '2020-08-28'),
(1884, 4600, 16, 20, '2020-08-29'),
(1885, 4100, 16, 20, '2020-08-30'),
(1886, 5100, 16, 20, '2020-08-31'),
(1887, 4800, 16, 20, '2020-09-01'),
(1888, 4400, 16, 20, '2020-09-02'),
(1889, 5900, 16, 20, '2020-09-03'),
(1890, 5600, 16, 20, '2020-09-04'),
(1891, 5900, 16, 20, '2020-09-05'),
(1892, 5600, 16, 20, '2020-09-06'),
(1893, 5900, 16, 20, '2020-09-07'),
(1894, 5200, 16, 20, '2020-09-08'),
(1895, 4700, 16, 20, '2020-09-09'),
(1896, 4200, 16, 20, '2020-09-10'),
(1897, 4600, 16, 20, '2020-09-11'),
(1898, 5500, 16, 20, '2020-09-12'),
(1899, 5100, 16, 20, '2020-09-13'),
(1900, 5700, 16, 20, '2020-09-14'),
(1901, 5700, 20, 16, '2020-06-07'),
(1902, 5300, 20, 16, '2020-06-08'),
(1903, 4000, 20, 16, '2020-06-09'),
(1904, 6000, 20, 16, '2020-06-10'),
(1905, 5300, 20, 16, '2020-06-11'),
(1906, 4000, 20, 16, '2020-06-12'),
(1907, 5500, 20, 16, '2020-06-13'),
(1908, 4200, 20, 16, '2020-06-14'),
(1909, 5100, 20, 16, '2020-06-15'),
(1910, 4700, 20, 16, '2020-06-16'),
(1911, 4400, 20, 16, '2020-06-17'),
(1912, 4900, 20, 16, '2020-06-18'),
(1913, 5400, 20, 16, '2020-06-19'),
(1914, 4800, 20, 16, '2020-06-20'),
(1915, 4600, 20, 16, '2020-06-21'),
(1916, 4900, 20, 16, '2020-06-22'),
(1917, 5600, 20, 16, '2020-06-23'),
(1918, 5100, 20, 16, '2020-06-24'),
(1919, 5200, 20, 16, '2020-06-25'),
(1920, 4600, 20, 16, '2020-06-26'),
(1921, 4200, 20, 16, '2020-06-27'),
(1922, 5300, 20, 16, '2020-06-28'),
(1923, 4000, 20, 16, '2020-06-29'),
(1924, 5100, 20, 16, '2020-06-30'),
(1925, 4700, 20, 16, '2020-07-01'),
(1926, 6000, 20, 16, '2020-07-02'),
(1927, 4000, 20, 16, '2020-07-03'),
(1928, 4600, 20, 16, '2020-07-04'),
(1929, 5500, 20, 16, '2020-07-05'),
(1930, 4800, 20, 16, '2020-07-06'),
(1931, 5200, 20, 16, '2020-07-07'),
(1932, 4300, 20, 16, '2020-07-08'),
(1933, 6000, 20, 16, '2020-07-09'),
(1934, 4700, 20, 16, '2020-07-10'),
(1935, 4300, 20, 16, '2020-07-11'),
(1936, 4500, 20, 16, '2020-07-12'),
(1937, 4500, 20, 16, '2020-07-13'),
(1938, 5100, 20, 16, '2020-07-14'),
(1939, 5600, 20, 16, '2020-07-15'),
(1940, 4100, 20, 16, '2020-07-16'),
(1941, 4800, 20, 16, '2020-07-17'),
(1942, 4800, 20, 16, '2020-07-18'),
(1943, 5700, 20, 16, '2020-07-19'),
(1944, 5600, 20, 16, '2020-07-20'),
(1945, 5000, 20, 16, '2020-07-21'),
(1946, 5600, 20, 16, '2020-07-22'),
(1947, 4600, 20, 16, '2020-07-23'),
(1948, 4000, 20, 16, '2020-07-24'),
(1949, 4700, 20, 16, '2020-07-25'),
(1950, 6000, 20, 16, '2020-07-26'),
(1951, 5500, 20, 16, '2020-07-27'),
(1952, 5600, 20, 16, '2020-07-28'),
(1953, 4300, 20, 16, '2020-07-29'),
(1954, 5700, 20, 16, '2020-07-30'),
(1955, 6000, 20, 16, '2020-07-31'),
(1956, 5400, 20, 16, '2020-08-01'),
(1957, 5300, 20, 16, '2020-08-02'),
(1958, 5500, 20, 16, '2020-08-03'),
(1959, 5200, 20, 16, '2020-08-04'),
(1960, 5800, 20, 16, '2020-08-05'),
(1961, 4000, 20, 16, '2020-08-06'),
(1962, 4900, 20, 16, '2020-08-07'),
(1963, 5000, 20, 16, '2020-08-08'),
(1964, 5900, 20, 16, '2020-08-09'),
(1965, 6000, 20, 16, '2020-08-10'),
(1966, 4900, 20, 16, '2020-08-11'),
(1967, 4400, 20, 16, '2020-08-12'),
(1968, 5800, 20, 16, '2020-08-13'),
(1969, 5600, 20, 16, '2020-08-14'),
(1970, 4900, 20, 16, '2020-08-15'),
(1971, 5400, 20, 16, '2020-08-16'),
(1972, 4800, 20, 16, '2020-08-17'),
(1973, 4200, 20, 16, '2020-08-18'),
(1974, 5800, 20, 16, '2020-08-19'),
(1975, 4700, 20, 16, '2020-08-20'),
(1976, 5100, 20, 16, '2020-08-21'),
(1977, 4400, 20, 16, '2020-08-22'),
(1978, 5000, 20, 16, '2020-08-23'),
(1979, 4300, 20, 16, '2020-08-24'),
(1980, 5900, 20, 16, '2020-08-25'),
(1981, 5700, 20, 16, '2020-08-26'),
(1982, 5500, 20, 16, '2020-08-27'),
(1983, 5400, 20, 16, '2020-08-28'),
(1984, 5200, 20, 16, '2020-08-29'),
(1985, 4200, 20, 16, '2020-08-30'),
(1986, 4800, 20, 16, '2020-08-31'),
(1987, 5700, 20, 16, '2020-09-01'),
(1988, 4400, 20, 16, '2020-09-02'),
(1989, 5700, 20, 16, '2020-09-03'),
(1990, 5700, 20, 16, '2020-09-04'),
(1991, 4000, 20, 16, '2020-09-05'),
(1992, 5700, 20, 16, '2020-09-06'),
(1993, 4300, 20, 16, '2020-09-07'),
(1994, 5800, 20, 16, '2020-09-08'),
(1995, 4600, 20, 16, '2020-09-09'),
(1996, 4000, 20, 16, '2020-09-10'),
(1997, 5800, 20, 16, '2020-09-11'),
(1998, 5900, 20, 16, '2020-09-12'),
(1999, 4200, 20, 16, '2020-09-13'),
(2000, 5900, 20, 16, '2020-09-14'),
(2001, 5100, 16, 20, '2020-06-07'),
(2002, 5400, 16, 20, '2020-06-08'),
(2003, 5600, 16, 20, '2020-06-09'),
(2004, 5800, 16, 20, '2020-06-10'),
(2005, 4100, 16, 20, '2020-06-11'),
(2006, 4600, 16, 20, '2020-06-12'),
(2007, 5600, 16, 20, '2020-06-13'),
(2008, 5100, 16, 20, '2020-06-14'),
(2009, 4600, 16, 20, '2020-06-15'),
(2010, 6000, 16, 20, '2020-06-16'),
(2011, 4300, 16, 20, '2020-06-17'),
(2012, 5000, 16, 20, '2020-06-18'),
(2013, 4900, 16, 20, '2020-06-19'),
(2014, 4900, 16, 20, '2020-06-20'),
(2015, 5700, 16, 20, '2020-06-21'),
(2016, 4500, 16, 20, '2020-06-22'),
(2017, 4300, 16, 20, '2020-06-23'),
(2018, 4300, 16, 20, '2020-06-24'),
(2019, 4500, 16, 20, '2020-06-25'),
(2020, 6000, 16, 20, '2020-06-26'),
(2021, 5400, 16, 20, '2020-06-27'),
(2022, 5900, 16, 20, '2020-06-28'),
(2023, 4900, 16, 20, '2020-06-29'),
(2024, 4500, 16, 20, '2020-06-30'),
(2025, 5600, 16, 20, '2020-07-01'),
(2026, 4200, 16, 20, '2020-07-02'),
(2027, 5800, 16, 20, '2020-07-03'),
(2028, 4300, 16, 20, '2020-07-04'),
(2029, 5300, 16, 20, '2020-07-05'),
(2030, 5000, 16, 20, '2020-07-06'),
(2031, 5000, 16, 20, '2020-07-07'),
(2032, 4500, 16, 20, '2020-07-08'),
(2033, 6000, 16, 20, '2020-07-09'),
(2034, 5000, 16, 20, '2020-07-10'),
(2035, 5500, 16, 20, '2020-07-11'),
(2036, 5500, 16, 20, '2020-07-12'),
(2037, 4000, 16, 20, '2020-07-13'),
(2038, 5800, 16, 20, '2020-07-14'),
(2039, 5200, 16, 20, '2020-07-15'),
(2040, 4100, 16, 20, '2020-07-16'),
(2041, 5000, 16, 20, '2020-07-17'),
(2042, 4100, 16, 20, '2020-07-18'),
(2043, 5200, 16, 20, '2020-07-19'),
(2044, 4800, 16, 20, '2020-07-20'),
(2045, 5200, 16, 20, '2020-07-21'),
(2046, 5800, 16, 20, '2020-07-22'),
(2047, 5300, 16, 20, '2020-07-23'),
(2048, 4700, 16, 20, '2020-07-24'),
(2049, 4000, 16, 20, '2020-07-25'),
(2050, 5300, 16, 20, '2020-07-26'),
(2051, 4300, 16, 20, '2020-07-27'),
(2052, 4000, 16, 20, '2020-07-28'),
(2053, 4100, 16, 20, '2020-07-29'),
(2054, 4400, 16, 20, '2020-07-30'),
(2055, 4500, 16, 20, '2020-07-31'),
(2056, 6000, 16, 20, '2020-08-01'),
(2057, 4800, 16, 20, '2020-08-02'),
(2058, 5900, 16, 20, '2020-08-03'),
(2059, 4500, 16, 20, '2020-08-04'),
(2060, 4500, 16, 20, '2020-08-05'),
(2061, 4500, 16, 20, '2020-08-06'),
(2062, 5200, 16, 20, '2020-08-07'),
(2063, 4400, 16, 20, '2020-08-08'),
(2064, 5100, 16, 20, '2020-08-09'),
(2065, 4600, 16, 20, '2020-08-10'),
(2066, 5300, 16, 20, '2020-08-11'),
(2067, 5200, 16, 20, '2020-08-12'),
(2068, 5900, 16, 20, '2020-08-13'),
(2069, 5700, 16, 20, '2020-08-14'),
(2070, 5700, 16, 20, '2020-08-15'),
(2071, 4600, 16, 20, '2020-08-16'),
(2072, 5900, 16, 20, '2020-08-17'),
(2073, 5100, 16, 20, '2020-08-18'),
(2074, 5200, 16, 20, '2020-08-19'),
(2075, 5900, 16, 20, '2020-08-20'),
(2076, 5500, 16, 20, '2020-08-21'),
(2077, 5200, 16, 20, '2020-08-22'),
(2078, 5400, 16, 20, '2020-08-23'),
(2079, 4600, 16, 20, '2020-08-24'),
(2080, 5700, 16, 20, '2020-08-25'),
(2081, 5600, 16, 20, '2020-08-26'),
(2082, 5000, 16, 20, '2020-08-27'),
(2083, 6000, 16, 20, '2020-08-28'),
(2084, 4800, 16, 20, '2020-08-29'),
(2085, 4600, 16, 20, '2020-08-30'),
(2086, 5700, 16, 20, '2020-08-31'),
(2087, 5800, 16, 20, '2020-09-01'),
(2088, 4000, 16, 20, '2020-09-02'),
(2089, 5800, 16, 20, '2020-09-03'),
(2090, 4200, 16, 20, '2020-09-04'),
(2091, 5000, 16, 20, '2020-09-05'),
(2092, 5600, 16, 20, '2020-09-06'),
(2093, 5400, 16, 20, '2020-09-07'),
(2094, 4200, 16, 20, '2020-09-08'),
(2095, 5700, 16, 20, '2020-09-09'),
(2096, 4400, 16, 20, '2020-09-10'),
(2097, 5000, 16, 20, '2020-09-11'),
(2098, 4300, 16, 20, '2020-09-12'),
(2099, 4600, 16, 20, '2020-09-13'),
(2100, 5000, 16, 20, '2020-09-14'),
(2101, 5100, 20, 16, '2020-06-07'),
(2102, 4300, 20, 16, '2020-06-08'),
(2103, 5900, 20, 16, '2020-06-09'),
(2104, 4400, 20, 16, '2020-06-10'),
(2105, 4900, 20, 16, '2020-06-11'),
(2106, 4900, 20, 16, '2020-06-12'),
(2107, 4200, 20, 16, '2020-06-13'),
(2108, 4800, 20, 16, '2020-06-14'),
(2109, 5000, 20, 16, '2020-06-15'),
(2110, 5800, 20, 16, '2020-06-16'),
(2111, 5700, 20, 16, '2020-06-17'),
(2112, 5400, 20, 16, '2020-06-18'),
(2113, 4900, 20, 16, '2020-06-19'),
(2114, 5400, 20, 16, '2020-06-20'),
(2115, 5300, 20, 16, '2020-06-21'),
(2116, 4400, 20, 16, '2020-06-22'),
(2117, 4900, 20, 16, '2020-06-23'),
(2118, 5800, 20, 16, '2020-06-24'),
(2119, 4800, 20, 16, '2020-06-25'),
(2120, 5000, 20, 16, '2020-06-26'),
(2121, 4500, 20, 16, '2020-06-27'),
(2122, 5400, 20, 16, '2020-06-28'),
(2123, 5300, 20, 16, '2020-06-29'),
(2124, 5300, 20, 16, '2020-06-30'),
(2125, 4100, 20, 16, '2020-07-01'),
(2126, 6000, 20, 16, '2020-07-02'),
(2127, 4600, 20, 16, '2020-07-03'),
(2128, 4500, 20, 16, '2020-07-04'),
(2129, 5200, 20, 16, '2020-07-05'),
(2130, 4100, 20, 16, '2020-07-06'),
(2131, 5900, 20, 16, '2020-07-07'),
(2132, 5000, 20, 16, '2020-07-08'),
(2133, 4100, 20, 16, '2020-07-09'),
(2134, 5800, 20, 16, '2020-07-10'),
(2135, 4700, 20, 16, '2020-07-11'),
(2136, 5700, 20, 16, '2020-07-12'),
(2137, 4500, 20, 16, '2020-07-13'),
(2138, 5500, 20, 16, '2020-07-14'),
(2139, 4300, 20, 16, '2020-07-15'),
(2140, 4900, 20, 16, '2020-07-16'),
(2141, 4600, 20, 16, '2020-07-17'),
(2142, 4800, 20, 16, '2020-07-18'),
(2143, 4500, 20, 16, '2020-07-19'),
(2144, 5900, 20, 16, '2020-07-20'),
(2145, 6000, 20, 16, '2020-07-21'),
(2146, 4600, 20, 16, '2020-07-22'),
(2147, 4300, 20, 16, '2020-07-23'),
(2148, 4700, 20, 16, '2020-07-24'),
(2149, 4900, 20, 16, '2020-07-25'),
(2150, 4500, 20, 16, '2020-07-26'),
(2151, 5600, 20, 16, '2020-07-27'),
(2152, 4600, 20, 16, '2020-07-28'),
(2153, 5000, 20, 16, '2020-07-29'),
(2154, 5200, 20, 16, '2020-07-30'),
(2155, 5300, 20, 16, '2020-07-31'),
(2156, 5800, 20, 16, '2020-08-01'),
(2157, 4500, 20, 16, '2020-08-02'),
(2158, 4400, 20, 16, '2020-08-03'),
(2159, 5400, 20, 16, '2020-08-04'),
(2160, 5400, 20, 16, '2020-08-05'),
(2161, 5100, 20, 16, '2020-08-06'),
(2162, 4700, 20, 16, '2020-08-07'),
(2163, 4800, 20, 16, '2020-08-08'),
(2164, 5700, 20, 16, '2020-08-09'),
(2165, 5100, 20, 16, '2020-08-10'),
(2166, 6000, 20, 16, '2020-08-11'),
(2167, 5400, 20, 16, '2020-08-12'),
(2168, 5800, 20, 16, '2020-08-13'),
(2169, 5900, 20, 16, '2020-08-14'),
(2170, 4700, 20, 16, '2020-08-15'),
(2171, 4200, 20, 16, '2020-08-16'),
(2172, 5800, 20, 16, '2020-08-17'),
(2173, 6000, 20, 16, '2020-08-18'),
(2174, 4700, 20, 16, '2020-08-19'),
(2175, 5200, 20, 16, '2020-08-20'),
(2176, 5100, 20, 16, '2020-08-21'),
(2177, 4700, 20, 16, '2020-08-22'),
(2178, 4500, 20, 16, '2020-08-23'),
(2179, 5200, 20, 16, '2020-08-24'),
(2180, 5800, 20, 16, '2020-08-25'),
(2181, 4600, 20, 16, '2020-08-26'),
(2182, 4000, 20, 16, '2020-08-27'),
(2183, 4100, 20, 16, '2020-08-28'),
(2184, 5000, 20, 16, '2020-08-29'),
(2185, 5200, 20, 16, '2020-08-30'),
(2186, 5900, 20, 16, '2020-08-31'),
(2187, 5100, 20, 16, '2020-09-01'),
(2188, 5000, 20, 16, '2020-09-02'),
(2189, 4700, 20, 16, '2020-09-03'),
(2190, 5700, 20, 16, '2020-09-04'),
(2191, 5900, 20, 16, '2020-09-05'),
(2192, 5000, 20, 16, '2020-09-06'),
(2193, 4700, 20, 16, '2020-09-07'),
(2194, 4000, 20, 16, '2020-09-08'),
(2195, 5500, 20, 16, '2020-09-09'),
(2196, 5100, 20, 16, '2020-09-10'),
(2197, 5700, 20, 16, '2020-09-11'),
(2198, 4900, 20, 16, '2020-09-12'),
(2199, 5900, 20, 16, '2020-09-13'),
(2200, 4500, 20, 16, '2020-09-14');

-- --------------------------------------------------------

--
-- Структура таблицы `users`
--

CREATE TABLE `users` (
  `id` int(11) NOT NULL,
  `login` varchar(16) NOT NULL,
  `email` varchar(32) NOT NULL,
  `password` varchar(32) NOT NULL,
  `is_admin` tinyint(1) NOT NULL DEFAULT '0'
) ENGINE=InnoDB DEFAULT CHARSET=utf8;

--
-- Дамп данных таблицы `users`
--

INSERT INTO `users` (`id`, `login`, `email`, `password`, `is_admin`) VALUES
(2, 'admin', 'vlad26v03@gmail.com', '5f4dcc3b5aa765d61d8327deb882cf99', 1),
(24, 'pushkin', 'pushkin@gmail.com', '5f4dcc3b5aa765d61d8327deb882cf99', 0);

--
-- Индексы сохранённых таблиц
--

--
-- Индексы таблицы `comments`
--
ALTER TABLE `comments`
  ADD PRIMARY KEY (`id`),
  ADD KEY `user_id` (`user_id`),
  ADD KEY `hotel_id` (`hotel_id`);

--
-- Индексы таблицы `countries`
--
ALTER TABLE `countries`
  ADD PRIMARY KEY (`id`);

--
-- Индексы таблицы `hotels`
--
ALTER TABLE `hotels`
  ADD PRIMARY KEY (`id`),
  ADD KEY `state_id` (`state_id`),
  ADD KEY `nutrition_id` (`nutrition_id`);

--
-- Индексы таблицы `nutrition`
--
ALTER TABLE `nutrition`
  ADD PRIMARY KEY (`id`);

--
-- Индексы таблицы `photos`
--
ALTER TABLE `photos`
  ADD PRIMARY KEY (`id`),
  ADD KEY `photos_ibfk_1` (`hotel_id`);

--
-- Индексы таблицы `reservations`
--
ALTER TABLE `reservations`
  ADD KEY `room_id` (`room_id`);

--
-- Индексы таблицы `room-types`
--
ALTER TABLE `room-types`
  ADD PRIMARY KEY (`id`);

--
-- Индексы таблицы `rooms`
--
ALTER TABLE `rooms`
  ADD PRIMARY KEY (`id`),
  ADD KEY `type_id` (`type_id`),
  ADD KEY `hotel_id` (`hotel_id`) USING BTREE;

--
-- Индексы таблицы `states`
--
ALTER TABLE `states`
  ADD PRIMARY KEY (`id`),
  ADD KEY `country_id` (`country_id`);

--
-- Индексы таблицы `transfers`
--
ALTER TABLE `transfers`
  ADD PRIMARY KEY (`id`),
  ADD KEY `air-tickets_ibfk_1` (`state1_id`),
  ADD KEY `air-tickets_ibfk_2` (`state2_id`);

--
-- Индексы таблицы `users`
--
ALTER TABLE `users`
  ADD PRIMARY KEY (`id`),
  ADD UNIQUE KEY `email` (`email`),
  ADD UNIQUE KEY `login` (`login`);

--
-- AUTO_INCREMENT для сохранённых таблиц
--

--
-- AUTO_INCREMENT для таблицы `countries`
--
ALTER TABLE `countries`
  MODIFY `id` int(11) NOT NULL AUTO_INCREMENT, AUTO_INCREMENT=33;

--
-- AUTO_INCREMENT для таблицы `hotels`
--
ALTER TABLE `hotels`
  MODIFY `id` int(11) NOT NULL AUTO_INCREMENT, AUTO_INCREMENT=49;

--
-- AUTO_INCREMENT для таблицы `nutrition`
--
ALTER TABLE `nutrition`
  MODIFY `id` int(11) NOT NULL AUTO_INCREMENT, AUTO_INCREMENT=6;

--
-- AUTO_INCREMENT для таблицы `photos`
--
ALTER TABLE `photos`
  MODIFY `id` int(11) NOT NULL AUTO_INCREMENT, AUTO_INCREMENT=209;

--
-- AUTO_INCREMENT для таблицы `room-types`
--
ALTER TABLE `room-types`
  MODIFY `id` int(11) NOT NULL AUTO_INCREMENT, AUTO_INCREMENT=8;

--
-- AUTO_INCREMENT для таблицы `rooms`
--
ALTER TABLE `rooms`
  MODIFY `id` int(11) NOT NULL AUTO_INCREMENT, AUTO_INCREMENT=176;

--
-- AUTO_INCREMENT для таблицы `states`
--
ALTER TABLE `states`
  MODIFY `id` int(11) NOT NULL AUTO_INCREMENT, AUTO_INCREMENT=27;

--
-- AUTO_INCREMENT для таблицы `transfers`
--
ALTER TABLE `transfers`
  MODIFY `id` int(11) NOT NULL AUTO_INCREMENT, AUTO_INCREMENT=2201;

--
-- AUTO_INCREMENT для таблицы `users`
--
ALTER TABLE `users`
  MODIFY `id` int(11) NOT NULL AUTO_INCREMENT, AUTO_INCREMENT=25;

--
-- Ограничения внешнего ключа сохраненных таблиц
--

--
-- Ограничения внешнего ключа таблицы `comments`
--
ALTER TABLE `comments`
  ADD CONSTRAINT `comments_ibfk_1` FOREIGN KEY (`user_id`) REFERENCES `users` (`id`),
  ADD CONSTRAINT `comments_ibfk_2` FOREIGN KEY (`hotel_id`) REFERENCES `hotels` (`id`);

--
-- Ограничения внешнего ключа таблицы `hotels`
--
ALTER TABLE `hotels`
  ADD CONSTRAINT `hotels_ibfk_1` FOREIGN KEY (`state_id`) REFERENCES `states` (`id`) ON DELETE CASCADE,
  ADD CONSTRAINT `hotels_ibfk_2` FOREIGN KEY (`nutrition_id`) REFERENCES `nutrition` (`id`);

--
-- Ограничения внешнего ключа таблицы `photos`
--
ALTER TABLE `photos`
  ADD CONSTRAINT `photos_ibfk_1` FOREIGN KEY (`hotel_id`) REFERENCES `hotels` (`id`) ON DELETE CASCADE ON UPDATE CASCADE;

--
-- Ограничения внешнего ключа таблицы `reservations`
--
ALTER TABLE `reservations`
  ADD CONSTRAINT `reservations_ibfk_1` FOREIGN KEY (`room_id`) REFERENCES `rooms` (`id`);

--
-- Ограничения внешнего ключа таблицы `rooms`
--
ALTER TABLE `rooms`
  ADD CONSTRAINT `rooms_ibfk_1` FOREIGN KEY (`type_id`) REFERENCES `room-types` (`id`),
  ADD CONSTRAINT `rooms_ibfk_2` FOREIGN KEY (`hotel_id`) REFERENCES `hotels` (`id`);

--
-- Ограничения внешнего ключа таблицы `states`
--
ALTER TABLE `states`
  ADD CONSTRAINT `states_ibfk_1` FOREIGN KEY (`country_id`) REFERENCES `countries` (`id`) ON DELETE CASCADE ON UPDATE CASCADE;

--
-- Ограничения внешнего ключа таблицы `transfers`
--
ALTER TABLE `transfers`
  ADD CONSTRAINT `transfers_ibfk_1` FOREIGN KEY (`state1_id`) REFERENCES `states` (`id`),
  ADD CONSTRAINT `transfers_ibfk_2` FOREIGN KEY (`state2_id`) REFERENCES `states` (`id`);
COMMIT;

/*!40101 SET CHARACTER_SET_CLIENT=@OLD_CHARACTER_SET_CLIENT */;
/*!40101 SET CHARACTER_SET_RESULTS=@OLD_CHARACTER_SET_RESULTS */;
/*!40101 SET COLLATION_CONNECTION=@OLD_COLLATION_CONNECTION */;
